Workbook

Sheet Crias
C1: FAZENDAS TANGARÁ / ALMAS -SÃO FCO. DO CONDE -BA
C2: CONTROLE DE PRODUÇÃO E COMERCIALIZAÇÃO DE GADO DE CORTE - Periodo de agosto de 2013 á 2025
B4: Matriz | C4: N. de Ordem | D4: Reg.Nasc. | E4: Raça Pelagem | F4: Sexo | G4: Data Parto | H4: Pai | I4: Matriz | J4: Origem | K4: Vendido para | L4: Observação | M4: Data da venda | N4: Peso (@) | O4: Preço Real | P4: Sócios | Q4: Peso | R4: Indice de Ganho
A5: =IF(COUNTIF(B5:$B$5014,B5)>1,IF(COUNTIF($B$5:B5,B5)>1,"",B5&"-I"),B5) -> 871-I | B5: =+I5 -> 871 | C5: 1 | D5: 3 | F5: F | G5: 39625 | I5: 871 | J5: Cria da Fazenda | K5: não registrado
A6: =IF(COUNTIF(B6:$B$5014,B6)>1,IF(COUNTIF($B$5:B6,B6)>1,"",B6&"-I"),B6) -> 870-I | B6: =+I6 -> 870 | C6: 2 | D6: 4 | F6: F | G6: 39669 | I6: 870 | J6: Cria da Fazenda | K6: não registrado
A7: =IF(COUNTIF(B7:$B$5014,B7)>1,IF(COUNTIF($B$5:B7,B7)>1,"",B7&"-I"),B7) -> 872-I | B7: =+I7 -> 872 | C7: 3 | D7: 5 | F7: F | G7: 39670 | I7: 872 | J7: Cria da Fazenda | K7: não registrado
A8: =IF(COUNTIF(B8:$B$5014,B8)>1,IF(COUNTIF($B$5:B8,B8)>1,"",B8&"-I"),B8) -> 863-I | B8: =+I8 -> 863 | C8: 4 | D8: 8 | F8: M | G8: 39647 | I8: 863 | J8: Cria da Fazenda | K8: não registrado
A9: =IF(COUNTIF(B9:$B$5014,B9)>1,IF(COUNTIF($B$5:B9,B9)>1,"",B9&"-I"),B9) -> 859-I | B9: =+I9 -> 859 | C9: 5 | D9: 9 | F9: M | G9: 39676 | I9: 859 | J9: Cria da Fazenda | K9: não registrado
A10: =IF(COUNTIF(B10:$B$5014,B10)>1,IF(COUNTIF($B$5:B10,B10)>1,"",B10&"-I"),B10) -> 889-I | B10: =+I10 -> 889 | C10: 6 | D10: 11 | F10: M | G10: 39676 | I10: 889 | J10: Cria da Fazenda | K10: não registrado
A11: =IF(COUNTIF(B11:$B$5014,B11)>1,IF(COUNTIF($B$5:B11,B11)>1,"",B11&"-I"),B11) -> 882-I | B11: =+I11 -> 882 | C11: 7 | D11: 14 | F11: M | G11: 39631 | I11: 882 | J11: Cria da Fazenda | K11: não registrado
A12: =IF(COUNTIF(B12:$B$5014,B12)>1,IF(COUNTIF($B$5:B12,B12)>1,"",B12&"-I"),B12) -> 854-I | B12: =+I12 -> 854 | C12: 8 | D12: 15 | F12: M | G12: 39633 | I12: 854 | J12: Cria da Fazenda | K12: não registrado
A13: =IF(COUNTIF(B13:$B$5014,B13)>1,IF(COUNTIF($B$5:B13,B13)>1,"",B13&"-I"),B13) -> 873-I | B13: =+I13 -> 873 | C13: 9 | D13: 16 | F13: F | G13: 39715 | I13: 873 | J13: Cria da Fazenda | K13: não registrado
A14: =IF(COUNTIF(B14:$B$5014,B14)>1,IF(COUNTIF($B$5:B14,B14)>1,"",B14&"-I"),B14) -> 880-I | B14: =+I14 -> 880 | C14: 10 | D14: 19 | F14: F | G14: 39752 | I14: 880 | J14: Cria da Fazenda | K14: não registrado
A15: =IF(COUNTIF(B15:$B$5014,B15)>1,IF(COUNTIF($B$5:B15,B15)>1,"",B15&"-I"),B15) -> 881-I | B15: =+I15 -> 881 | C15: 11 | D15: 23 | F15: F | G15: 39754 | I15: 881 | J15: Cria da Fazenda | K15: não registrado
A16: =IF(COUNTIF(B16:$B$5014,B16)>1,IF(COUNTIF($B$5:B16,B16)>1,"",B16&"-I"),B16) -> 886-I | B16: =+I16 -> 886 | C16: 12 | D16: 24 | F16: F | G16: 39755 | I16: 886 | J16: Cria da Fazenda | K16: não registrado
A17: =IF(COUNTIF(B17:$B$5014,B17)>1,IF(COUNTIF($B$5:B17,B17)>1,"",B17&"-I"),B17) -> 897-I | B17: =+I17 -> 897 | C17: 013 | D17: 25 | F17: M | G17: 39755 | I17: 897 | J17: Cria da Fazenda | K17: não registrado
A18: =IF(COUNTIF(B18:$B$5014,B18)>1,IF(COUNTIF($B$5:B18,B18)>1,"",B18&"-I"),B18) -> 898-I | B18: =+I18 -> 898 | C18: 014 | D18: 26 | F18: F | G18: 39790 | I18: 898 | J18: Cria da Fazenda | K18: não registrado
A19: =IF(COUNTIF(B19:$B$5014,B19)>1,IF(COUNTIF($B$5:B19,B19)>1,"",B19&"-I"),B19) -> 890-I | B19: =+I19 -> 890 | C19: 015 | D19: 27 | F19: F | G19: 39788 | I19: 890 | J19: Cria da Fazenda | K19: não registrado
A20: =IF(COUNTIF(B20:$B$5014,B20)>1,IF(COUNTIF($B$5:B20,B20)>1,"",B20&"-I"),B20) -> 885-I | B20: =+I20 -> 885 | C20: 016 | D20: 31 | F20: F | G20: 39834 | I20: 885 | J20: Cria da Fazenda | K20: não registrado
A21: =IF(COUNTIF(B21:$B$5014,B21)>1,IF(COUNTIF($B$5:B21,B21)>1,"",B21&"-I"),B21) -> 877-I | B21: =+I21 -> 877 | C21: 017 | D21: 32 | F21: M | G21: 39835 | I21: 877 | J21: Cria da Fazenda | K21: não registrado
A22: =IF(COUNTIF(B22:$B$5014,B22)>1,IF(COUNTIF($B$5:B22,B22)>1,"",B22&"-I"),B22) -> 869-I | B22: =+I22 -> 869 | C22: 018 | D22: 33 | F22: F | G22: 39842 | I22: 869 | J22: Cria da Fazenda | K22: não registrado
A23: =IF(COUNTIF(B23:$B$5014,B23)>1,IF(COUNTIF($B$5:B23,B23)>1,"",B23&"-I"),B23) -> 926-I | B23: =+I23 -> 926 | C23: 019 | D23: 35 | F23: F | G23: 39838 | I23: 926 | J23: Cria da Fazenda | K23: não registrado
A24: =IF(COUNTIF(B24:$B$5014,B24)>1,IF(COUNTIF($B$5:B24,B24)>1,"",B24&"-I"),B24) -> 858-I | B24: =+I24 -> 858 | C24: 020 | D24: 36 | F24: F | G24: 39840 | I24: 858 | J24: Cria da Fazenda | K24: não registrado
A25: =IF(COUNTIF(B25:$B$5014,B25)>1,IF(COUNTIF($B$5:B25,B25)>1,"",B25&"-I"),B25) -> 862-I | B25: =+I25 -> 862 | C25: 021 | D25: 37 | F25: F | G25: 39842 | I25: 862 | J25: Cria da Fazenda | K25: não registrado
A26: =IF(COUNTIF(B26:$B$5014,B26)>1,IF(COUNTIF($B$5:B26,B26)>1,"",B26&"-I"),B26) -> 900-I | B26: =+I26 -> 900 | C26: 022 | D26: 40 | F26: M | G26: 39846 | I26: 900 | J26: Cria da Fazenda | K26: não registrado
A27: =IF(COUNTIF(B27:$B$5014,B27)>1,IF(COUNTIF($B$5:B27,B27)>1,"",B27&"-I"),B27) -> 874-I | B27: =+I27 -> 874 | C27: 023 | D27: 42 | F27: F | G27: 39846 | I27: 874 | J27: Cria da Fazenda | K27: não registrado
A28: =IF(COUNTIF(B28:$B$5014,B28)>1,IF(COUNTIF($B$5:B28,B28)>1,"",B28&"-I"),B28) -> 894-I | B28: =+I28 -> 894 | C28: 024 | D28: 43 | F28: F | G28: 39846 | I28: 894 | J28: Cria da Fazenda | K28: não registrado
... A63: =IF(COUNTIF(B63:$B$5014,B63)>1,IF(COUNTIF($B$5:B63,B63)>1,"",B63&"-I"),B63) | B63: =+I63 -> 859 | C63: 059 | D63: 108 | F63: M | G63: 40177 | I63: 859 | J63: Cria da Fazenda | K63: não registrado
A64: =IF(COUNTIF(B64:$B$5014,B64)>1,IF(COUNTIF($B$5:B64,B64)>1,"",B64&"-I"),B64) -> 936-I | B64: =+I64 -> 936 | C64: 060 | D64: S/R | F64: F | G64: 40056 | I64: 936 | J64: Cria da Fazenda | K64: Morto | L64: Morreu nasc. Prematuro | M64: xxxxx | N64: xxxxx | O64: xxxxx
A65: =IF(COUNTIF(B65:$B$5014,B65)>1,IF(COUNTIF($B$5:B65,B65)>1,"",B65&"-I"),B65) | B65: =+I65 -> 926 | C65: 061 | D65: S/R | F65: F | G65: 40289 | I65: 926 | J65: Cria da Fazenda | K65: não registrado
A66: =IF(COUNTIF(B66:$B$5014,B66)>1,IF(COUNTIF($B$5:B66,B66)>1,"",B66&"-I"),B66) | B66: =+I66 -> 870 | C66: 062 | D66: 75 | F66: F | G66: 40315 | I66: 870 | J66: Cria da Fazenda | K66: não registrado
A67: =IF(COUNTIF(B67:$B$5014,B67)>1,IF(COUNTIF($B$5:B67,B67)>1,"",B67&"-I"),B67) | B67: =+I67 -> 862 | C67: 063 | D67: 75 | F67: M | G67: 40330 | I67: 862 | J67: Cria da Fazenda | K67: não registrado
A68: =IF(COUNTIF(B68:$B$5014,B68)>1,IF(COUNTIF($B$5:B68,B68)>1,"",B68&"-I"),B68) | B68: =+I68 -> 882 | C68: 064 | D68: 82 | F68: M | G68: 40368 | I68: 882 | J68: Cria da Fazenda | K68: não registrado
A69: =IF(COUNTIF(B69:$B$5014,B69)>1,IF(COUNTIF($B$5:B69,B69)>1,"",B69&"-I"),B69) | B69: =+I69 -> 936 | C69: 065 | D69: 85 | F69: M | G69: 40383 | I69: 936 | J69: Cria da Fazenda | K69: não registrado
A70: =IF(COUNTIF(B70:$B$5014,B70)>1,IF(COUNTIF($B$5:B70,B70)>1,"",B70&"-I"),B70) | B70: =+I70 -> 896 | C70: 066 | D70: 86 | F70: M | G70: 40394 | I70: 896 | J70: Cria da Fazenda | K70: não registrado
A71: =IF(COUNTIF(B71:$B$5014,B71)>1,IF(COUNTIF($B$5:B71,B71)>1,"",B71&"-I"),B71) | B71: =+I71 -> 876 | C71: 067 | D71: 89 | F71: M | G71: 40343 | I71: 876 | J71: Cria da Fazenda | K71: não registrado
A72: =IF(COUNTIF(B72:$B$5014,B72)>1,IF(COUNTIF($B$5:B72,B72)>1,"",B72&"-I"),B72) | B72: =+I72 -> 867 | C72: 068 | D72: 91 | F72: M | G72: 40338 | I72: 867 | J72: Cria da Fazenda | K72: não registrado
A73: =IF(COUNTIF(B73:$B$5014,B73)>1,IF(COUNTIF($B$5:B73,B73)>1,"",B73&"-I"),B73) | B73: =+I73 -> 874 | C73: 069 | D73: 97 | F73: M | G73: 40400 | I73: 874 | J73: Cria da Fazenda | K73: não registrado
A74: =IF(COUNTIF(B74:$B$5014,B74)>1,IF(COUNTIF($B$5:B74,B74)>1,"",B74&"-I"),B74) | B74: =+I74 -> 871 | C74: 070 | D74: 99 | F74: M | G74: 40345 | I74: 871 | J74: Cria da Fazenda | K74: não registrado
A75: =IF(COUNTIF(B75:$B$5014,B75)>1,IF(COUNTIF($B$5:B75,B75)>1,"",B75&"-I"),B75) | B75: =+I75 -> 900 | C75: 071 | D75: 100 | F75: M | G75: 40426 | I75: 900 | J75: Cria da Fazenda | K75: não registrado
A76: =IF(COUNTIF(B76:$B$5014,B76)>1,IF(COUNTIF($B$5:B76,B76)>1,"",B76&"-I"),B76) | B76: =+I76 -> 873 | C76: 072 | D76: 113 | F76: M | G76: 40274 | I76: 873 | J76: Cria da Fazenda | K76: não registrado
A77: =IF(COUNTIF(B77:$B$5014,B77)>1,IF(COUNTIF($B$5:B77,B77)>1,"",B77&"-I"),B77) | B77: =+I77 -> 877 | C77: 073 | D77: 115 | F77: M | G77: 40445 | I77: 877 | J77: Cria da Fazenda | K77: não registrado
... A103: =IF(COUNTIF(B103:$B$5014,B103)>1,IF(COUNTIF($B$5:B103,B103)>1,"",B103&"-I"),B103) | B103: =+I103 -> 869 | C103: 099 | D103: 242 | F103: F | G103: 40386 | I103: 869 | J103: Cria da Fazenda | K103: não registrado
A104: =IF(COUNTIF(B104:$B$5014,B104)>1,IF(COUNTIF($B$5:B104,B104)>1,"",B104&"-I"),B104) | B104: =+I104 -> 875 | C104: 100 | D104: S/R | F104: M | G104: 40335 | I104: 875 | J104: Cria da Fazenda | K104: não registrado
A105: =IF(COUNTIF(B105:$B$5014,B105)>1,IF(COUNTIF($B$5:B105,B105)>1,"",B105&"-I"),B105) | B105: =+I105 -> 858 | C105: 101 | D105: S/R | F105: M | G105: 40389 | I105: 858 | J105: Cria da Fazenda | K105: Morto | L105: morreu mrd.cobra | M105: xxxxx | N105: xxxxx | O105: xxxxx
A106: =IF(COUNTIF(B106:$B$5014,B106)>1,IF(COUNTIF($B$5:B106,B106)>1,"",B106&"-I"),B106) | B106: =+I106 -> 872 | C106: 102 | D106: 176 | F106: M | G106: 40553 | I106: 872 | J106: Cria da Fazenda | K106: não registrado
A107: =IF(COUNTIF(B107:$B$5014,B107)>1,IF(COUNTIF($B$5:B107,B107)>1,"",B107&"-I"),B107) | B107: =+I107 -> 859 | C107: 103 | D107: 177 | F107: M | G107: 40583 | I107: 859 | J107: Cria da Fazenda | K107: não registrado
A108: =IF(COUNTIF(B108:$B$5014,B108)>1,IF(COUNTIF($B$5:B108,B108)>1,"",B108&"-I"),B108) | B108: =+I108 -> 926 | C108: 104 | D108: 178 | F108: M | G108: 40603 | I108: 926 | J108: Cria da Fazenda | K108: não registrado
A109: =IF(COUNTIF(B109:$B$5014,B109)>1,IF(COUNTIF($B$5:B109,B109)>1,"",B109&"-I"),B109) | B109: =+I109 -> 880 | C109: 105 | D109: 180 | F109: M | G109: 40629 | I109: 880 | J109: Cria da Fazenda | K109: não registrado
A110: =IF(COUNTIF(B110:$B$5014,B110)>1,IF(COUNTIF($B$5:B110,B110)>1,"",B110&"-I"),B110) | B110: =+I110 -> 877 | C110: 106 | D110: 181 | F110: F | G110: 40633 | I110: 877 | J110: Cria da Fazenda | K110: não registrado
A111: =IF(COUNTIF(B111:$B$5014,B111)>1,IF(COUNTIF($B$5:B111,B111)>1,"",B111&"-I"),B111) | B111: =+I111 -> 889 | C111: 107 | D111: 182 | F111: M | G111: 40556 | I111: 889 | J111: Cria da Fazenda | K111: não registrado
A112: =IF(COUNTIF(B112:$B$5014,B112)>1,IF(COUNTIF($B$5:B112,B112)>1,"",B112&"-I"),B112) | B112: =+I112 -> 884 | C112: 108 | D112: 183 | F112: F | G112: 40667 | I112: 884 | J112: Cria da Fazenda | K112: não registrado
A113: =IF(COUNTIF(B113:$B$5014,B113)>1,IF(COUNTIF($B$5:B113,B113)>1,"",B113&"-I"),B113) | B113: =+I113 -> 873 | C113: 109 | D113: 184 | F113: M | G113: 40675 | I113: 873 | J113: Cria da Fazenda | K113: não registrado
A114: =IF(COUNTIF(B114:$B$5014,B114)>1,IF(COUNTIF($B$5:B114,B114)>1,"",B114&"-I"),B114) | B114: =+I114 -> 875 | C114: 110 | D114: 185 | F114: M | G114: 40682 | I114: 875 | J114: Cria da Fazenda | K114: não registrado
A115: =IF(COUNTIF(B115:$B$5014,B115)>1,IF(COUNTIF($B$5:B115,B115)>1,"",B115&"-I"),B115) | B115: =+I115 -> 871 | C115: 111 | D115: 186 | F115: F | G115: 40683 | I115: 871 | J115: Cria da Fazenda | K115: não registrado
A116: =IF(COUNTIF(B116:$B$5014,B116)>1,IF(COUNTIF($B$5:B116,B116)>1,"",B116&"-I"),B116) | B116: =+I116 -> 897 | C116: 112 | D116: 187 | F116: F | G116: 40703 | I116: 897 | J116: Cria da Fazenda | K116: não registrado
A117: =IF(COUNTIF(B117:$B$5014,B117)>1,IF(COUNTIF($B$5:B117,B117)>1,"",B117&"-I"),B117) | B117: =+I117 -> 931 | C117: 113 | D117: 188 | F117: F | G117: 40723 | I117: 931 | J117: Cria da Fazenda | K117: não registrado
... A199: =IF(COUNTIF(B199:$B$5014,B199)>1,IF(COUNTIF($B$5:B199,B199)>1,"",B199&"-I"),B199) | B199: =+I199 -> 957 | C199: 195 | D199: 320 | F199: M | G199: 41171 | I199: 957 | J199: Cria da Fazenda | K199: não registrado
A200: =IF(COUNTIF(B200:$B$5014,B200)>1,IF(COUNTIF($B$5:B200,B200)>1,"",B200&"-I"),B200) | B200: =+I200 -> 959 | C200: 196 | D200: 320 | E200: nel.branca | F200: M | G200: 41171 | H200: TUA | I200: 959 | J200: Cria da Fazenda | K200: Tua | L200: UTILIZADO POS.C/REPROD> | M200: 43539 | N200: 26 | O200: 3900
A201: =IF(COUNTIF(B201:$B$5014,B201)>1,IF(COUNTIF($B$5:B201,B201)>1,"",B201&"-I"),B201) | B201: =+I201 -> 867 | C201: 197 | D201: 323 | F201: M | G201: 41177 | I201: 867 | J201: Cria da Fazenda | K201: não registrado
A202: =IF(COUNTIF(B202:$B$5014,B202)>1,IF(COUNTIF($B$5:B202,B202)>1,"",B202&"-I"),B202) | B202: =+I202 -> 876 | C202: 198 | D202: 325 | F202: F | G202: 41186 | I202: 876 | J202: Cria da Fazenda | K202: não registrado
A203: =IF(COUNTIF(B203:$B$5014,B203)>1,IF(COUNTIF($B$5:B203,B203)>1,"",B203&"-I"),B203) | B203: =+I203 -> 885 | C203: 199 | D203: 326 | F203: F | G203: 41187 | I203: 885 | J203: Cria da Fazenda | K203: Morto | L203: morreu mrd/cobra | M203: xxxxx | N203: xxxxx | O203: xxxxx
A204: =IF(COUNTIF(B204:$B$5014,B204)>1,IF(COUNTIF($B$5:B204,B204)>1,"",B204&"-I"),B204) | B204: =+I204 -> 974 | C204: 200 | D204: 327 | F204: F | G204: 41190 | I204: 974 | J204: Cria da Fazenda | K204: não registrado
A205: =IF(COUNTIF(B205:$B$5014,B205)>1,IF(COUNTIF($B$5:B205,B205)>1,"",B205&"-I"),B205) | B205: =+I205 -> 936 | C205: 201 | D205: 329 | F205: M | G205: 41191 | I205: 936 | J205: Cria da Fazenda | K205: não registrado
A206: =IF(COUNTIF(B206:$B$5014,B206)>1,IF(COUNTIF($B$5:B206,B206)>1,"",B206&"-I"),B206) | B206: =+I206 -> 863 | C206: 202 | D206: 331 | F206: F | G206: 41198 | I206: 863 | J206: Cria da Fazenda | K206: não registrado
A207: =IF(COUNTIF(B207:$B$5014,B207)>1,IF(COUNTIF($B$5:B207,B207)>1,"",B207&"-I"),B207) | B207: =+I207 -> 964 | C207: 203 | D207: 332 | F207: F | G207: 41172 | I207: 964 | J207: Cria da Fazenda | K207: não registrado
A208: =IF(COUNTIF(B208:$B$5014,B208)>1,IF(COUNTIF($B$5:B208,B208)>1,"",B208&"-I"),B208) | B208: =+I208 -> 954 | C208: 204 | D208: 332 | F208: M | G208: 41206 | I208: 954 | J208: Cria da Fazenda | K208: não registrado
A209: =IF(COUNTIF(B209:$B$5014,B209)>1,IF(COUNTIF($B$5:B209,B209)>1,"",B209&"-I"),B209) | B209: =+I209 -> 950 | C209: 205 | D209: 333 | F209: F | G209: 41207 | I209: 950 | J209: Cria da Fazenda | K209: não registrado
A210: =IF(COUNTIF(B210:$B$5014,B210)>1,IF(COUNTIF($B$5:B210,B210)>1,"",B210&"-I"),B210) | B210: =+I210 -> 946 | C210: 206 | D210: 334 | F210: F | G210: 41214 | I210: 946 | J210: Cria da Fazenda | K210: não registrado
A211: =IF(COUNTIF(B211:$B$5014,B211)>1,IF(COUNTIF($B$5:B211,B211)>1,"",B211&"-I"),B211) | B211: =+I211 -> 860 | C211: 207 | D211: 336 | F211: F | G211: 41217 | I211: 860 | J211: Cria da Fazenda | K211: não registrado
A212: =IF(COUNTIF(B212:$B$5014,B212)>1,IF(COUNTIF($B$5:B212,B212)>1,"",B212&"-I"),B212) | B212: =+I212 -> 973 | C212: 208 | D212: 337 | F212: F | G212: 41218 | I212: 973 | J212: Cria da Fazenda | K212: não registrado
A213: =IF(COUNTIF(B213:$B$5014,B213)>1,IF(COUNTIF($B$5:B213,B213)>1,"",B213&"-I"),B213) | B213: =+I213 -> 967 | C213: 209 | D213: 339 | F213: M | G213: 41227 | I213: 967 | J213: Cria da Fazenda | K213: não registrado
A214: =IF(COUNTIF(B214:$B$5014,B214)>1,IF(COUNTIF($B$5:B214,B214)>1,"",B214&"-I"),B214) | B214: =+I214 -> 933 | C214: 210 | D214: 340 | F214: F | G214: 41228 | I214: 933 | J214: Cria da Fazenda | K214: não registrado
A215: =IF(COUNTIF(B215:$B$5014,B215)>1,IF(COUNTIF($B$5:B215,B215)>1,"",B215&"-I"),B215) | B215: =+I215 -> 889 | C215: 211 | D215: 341 | F215: M | G215: 41232 | I215: 889 | J215: Cria da Fazenda | K215: não registrado
... A224: =IF(COUNTIF(B224:$B$5014,B224)>1,IF(COUNTIF($B$5:B224,B224)>1,"",B224&"-I"),B224) | B224: =+I224 -> 926 | C224: 220 | D224: 353 | F224: M | G224: 41274 | I224: 926 | J224: Cria da Fazenda | K224: não registrado
A225: =IF(COUNTIF(B225:$B$5014,B225)>1,IF(COUNTIF($B$5:B225,B225)>1,"",B225&"-I"),B225) | B225: =+I225 -> 896 | C225: 222 | D225: S/R | F225: F | G225: 41061 | I225: 896 | J225: Cria da Fazenda | K225: Morto | L225: abortou | M225: xxxxx | N225: xxxxx | O225: xxxxx
A226: =IF(COUNTIF(B226:$B$5014,B226)>1,IF(COUNTIF($B$5:B226,B226)>1,"",B226&"-I"),B226) | B226: =+I226 -> 963 | C226: 223 | D226: 465 | E226: nel.castanha | F226: F | G226: 41235 | H226: 1043 | I226: 963 | J226: Cria da Fazenda | K226: Erico Hardt | M226: 42325 | N226: 5.32 | O226: 984
A227: =IF(COUNTIF(B227:$B$5014,B227)>1,IF(COUNTIF($B$5:B227,B227)>1,"",B227&"-I"),B227) -> 966-I | B227: =+I227 -> 966 | C227: 224 | D227: S/R | F227: F | G227: 41038 | I227: 966 | J227: Cria da Fazenda | K227: não registrado
A228: =IF(COUNTIF(B228:$B$5014,B228)>1,IF(COUNTIF($B$5:B228,B228)>1,"",B228&"-I"),B228) | B228: =+I228 -> 945 | C228: 225 | D228: S/R | F228: F | G228: 41201 | I228: 945 | J228: Cria da Fazenda | K228: Chico Bambu | L228: doada chico bambu
A229: =IF(COUNTIF(B229:$B$5014,B229)>1,IF(COUNTIF($B$5:B229,B229)>1,"",B229&"-I"),B229) | B229: =+I229 -> 882 | C229: 228 | D229: 279 | F229: F | G229: 41451 | I229: 882 | J229: Cria da Fazenda | K229: não registrado
A230: =IF(COUNTIF(B230:$B$5014,B230)>1,IF(COUNTIF($B$5:B230,B230)>1,"",B230&"-I"),B230) | B230: =+I230 -> 944 | C230: 229 | D230: 354 | F230: M | G230: 41275 | I230: 944 | J230: Cria da Fazenda | K230: não registrado
A231: =IF(COUNTIF(B231:$B$5014,B231)>1,IF(COUNTIF($B$5:B231,B231)>1,"",B231&"-I"),B231) | B231: =+I231 -> 900 | C231: 230 | D231: 356 | F231: F | G231: 41584 | I231: 900 | J231: Cria da Fazenda | K231: não registrado
A232: =IF(COUNTIF(B232:$B$5014,B232)>1,IF(COUNTIF($B$5:B232,B232)>1,"",B232&"-I"),B232) | B232: =+I232 -> 929 | C232: 508 | D232: 357 | F232: M | G232: 41281 | I232: 929 | J232: Cria da Fazenda | K232: não registrado
A233: =IF(COUNTIF(B233:$B$5014,B233)>1,IF(COUNTIF($B$5:B233,B233)>1,"",B233&"-I"),B233) | B233: =+I233 -> 942 | C233: 233 | D233: 358 | F233: M | G233: 41291 | I233: 942 | J233: Cria da Fazenda | K233: não registrado
A234: =IF(COUNTIF(B234:$B$5014,B234)>1,IF(COUNTIF($B$5:B234,B234)>1,"",B234&"-I"),B234) | B234: =+I234 -> 963 | C234: 234 | D234: 359 | F234: F | G234: 41313 | I234: 963 | J234: Cria da Fazenda | K234: não registrado
A235: =IF(COUNTIF(B235:$B$5014,B235)>1,IF(COUNTIF($B$5:B235,B235)>1,"",B235&"-I"),B235) | B235: =+I235 -> 877 | C235: 235 | D235: 360 | F235: F | G235: 41314 | I235: 877 | J235: Cria da Fazenda | K235: não registrado
A236: =IF(COUNTIF(B236:$B$5014,B236)>1,IF(COUNTIF($B$5:B236,B236)>1,"",B236&"-I"),B236) | B236: =+I236 -> 899 | C236: 236 | D236: 361 | F236: M | G236: 41339 | I236: 899 | J236: Cria da Fazenda | K236: não registrado
A237: =IF(COUNTIF(B237:$B$5014,B237)>1,IF(COUNTIF($B$5:B237,B237)>1,"",B237&"-I"),B237) | B237: =+I237 -> 966 | C237: 237 | D237: 362 | F237: F | G237: 41365 | I237: 966 | J237: Cria da Fazenda | K237: não registrado
A238: =IF(COUNTIF(B238:$B$5014,B238)>1,IF(COUNTIF($B$5:B238,B238)>1,"",B238&"-I"),B238) | B238: =+I238 -> 943 | C238: 238 | D238: 363 | F238: F | G238: 41385 | I238: 943 | J238: Cria da Fazenda | K238: não registrado
A239: =IF(COUNTIF(B239:$B$5014,B239)>1,IF(COUNTIF($B$5:B239,B239)>1,"",B239&"-I"),B239) | B239: =+I239 -> 939 | C239: 239 | D239: 367 | F239: F | G239: 41414 | I239: 939 | J239: Cria da Fazenda | K239: não registrado
A240: =IF(COUNTIF(B240:$B$5014,B240)>1,IF(COUNTIF($B$5:B240,B240)>1,"",B240&"-I"),B240) | B240: =+I240 -> 873 | C240: 240 | D240: 368 | F240: F | G240: 41417 | I240: 873 | J240: Cria da Fazenda | K240: Morto | L240: morreu md.cobra | M240: xxxxx | N240: xxxxx | O240: xxxxx
A241: =IF(COUNTIF(B241:$B$5014,B241)>1,IF(COUNTIF($B$5:B241,B241)>1,"",B241&"-I"),B241) | B241: =+I241 -> 972 | C241: 242 | D241: 369 | F241: F | G241: 41420 | I241: 972 | J241: Cria da Fazenda | K241: não registrado
A242: =IF(COUNTIF(B242:$B$5014,B242)>1,IF(COUNTIF($B$5:B242,B242)>1,"",B242&"-I"),B242) | B242: =+I242 -> 880 | C242: 243 | D242: 370 | F242: F | G242: 41420 | I242: 880 | J242: Cria da Fazenda | K242: não registrado
A243: =IF(COUNTIF(B243:$B$5014,B243)>1,IF(COUNTIF($B$5:B243,B243)>1,"",B243&"-I"),B243) | B243: =+I243 -> 896 | C243: 244 | D243: 371 | F243: M | G243: 41420 | I243: 896 | J243: Cria da Fazenda | K243: não registrado
A244: =IF(COUNTIF(B244:$B$5014,B244)>1,IF(COUNTIF($B$5:B244,B244)>1,"",B244&"-I"),B244) | B244: =+I244 -> 973 | C244: 245 | D244: 373 | F244: F | G244: 41422 | I244: 973 | J244: Cria da Fazenda | K244: não registrado
A245: =IF(COUNTIF(B245:$B$5014,B245)>1,IF(COUNTIF($B$5:B245,B245)>1,"",B245&"-I"),B245) | B245: =+I245 -> 871 | C245: 246 | D245: 374 | F245: F | G245: 41428 | I245: 871 | J245: Cria da Fazenda | K245: não registrado
A246: =IF(COUNTIF(B246:$B$5014,B246)>1,IF(COUNTIF($B$5:B246,B246)>1,"",B246&"-I"),B246) | B246: =+I246 -> 890 | C246: 247 | D246: 375 | F246: F | G246: 41428 | I246: 890 | J246: Cria da Fazenda | K246: Morto | L246: morreu md cobra | M246: xxxxx | N246: xxxxx | O246: xxxxx
A247: =IF(COUNTIF(B247:$B$5014,B247)>1,IF(COUNTIF($B$5:B247,B247)>1,"",B247&"-I"),B247) | B247: =+I247 -> 898 | C247: 248 | D247: 378 | F247: M | G247: 41444 | I247: 898 | J247: Cria da Fazenda | K247: não registrado
A248: =IF(COUNTIF(B248:$B$5014,B248)>1,IF(COUNTIF($B$5:B248,B248)>1,"",B248&"-I"),B248) | B248: =+I248 -> 882 | C248: 249 | D248: 379 | F248: F | G248: 41451 | I248: 882 | J248: Cria da Fazenda | K248: não registrado
A249: =IF(COUNTIF(B249:$B$5014,B249)>1,IF(COUNTIF($B$5:B249,B249)>1,"",B249&"-I"),B249) | B249: =+I249 -> 930 | C249: 250 | D249: 380 | F249: F | G249: 41453 | I249: 930 | J249: Cria da Fazenda | K249: não registrado
...

Sheet Matrizes
H1: =+I3-15*30 -> -450 | I1: =+I3-12*30 -> -360
B2: FAZENDAS TANGARÁ / ALMAS - MUNICIPIO SÃO FRANCISCO DO CONDE - BA
B3: INICIO: | C3: 2008 | D3: 44866 | H3: POSIÇÃO EM:
A4: Ant | B4: Nº Ord. | C4: Nº Reg. | D4: 1ª Cria | E4: ULT. Cria | F4: Meses + 9,5 Meses | G4: Nº Crias | H4: Meses/Cria | I4: OBS
C5: 854 | D5: =IFERROR(VLOOKUP(C5&"-I",Crias!$A$5:$G$6221,7,FALSE),E5) -> 39633 | E5: =IFERROR(IF(C5="","",VLOOKUP(C5,Crias!$A$5:$G$6221,7,FALSE)),"Novilha") -> 44569 | F5: =IFERROR(IF(D5="","",((E5-D5+1)/30)+9.5),"S/R") -> 174.06667 | G5: =IF(F5="","",COUNTIF(Crias!$B$5:$B$6221,Matrizes!C5)+A5) -> 13 | H5: =IFERROR(F5/G5,"") -> 13.389744 | I5: mor.17/10/23, debili.apos passar uma noite atolada no mangue.-pasto 5/A.
C6: 858 | D6: =IFERROR(VLOOKUP(C6&"-I",Crias!$A$5:$G$6221,7,FALSE),E6) -> 39840 | E6: =IFERROR(IF(C6="","",VLOOKUP(C6,Crias!$A$5:$G$6221,7,FALSE)),"Novilha") -> 45548 | F6: =IFERROR(IF(D6="","",((E6-D6+1)/30)+9.5),"S/R") -> 199.8 | G6: =IF(F6="","",COUNTIF(Crias!$B$5:$B$6221,Matrizes!C6)+A6) -> 13 | H6: =IFERROR(F6/G6,"") -> 15.369231 | I6: Descartada c/11@ p/ Luciano Moraes.em 02/26.
C7: 859 | D7: =IFERROR(VLOOKUP(C7&"-I",Crias!$A$5:$G$6221,7,FALSE),E7) -> 39676 | E7: =IFERROR(IF(C7="","",VLOOKUP(C7,Crias!$A$5:$G$6221,7,FALSE)),"Novilha") -> 45335 | F7: =IFERROR(IF(D7="","",((E7-D7+1)/30)+9.5),"S/R") -> 198.16667 | G7: =IF(F7="","",COUNTIF(Crias!$B$5:$B$6221,Matrizes!C7)+A7) -> 13 | H7: =IFERROR(F7/G7,"") -> 15.24359 | I7: Descartada c/11@ p/ Luciano Moraes.em 02/26.
B8: 1 | C8: 860 | D8: =IFERROR(VLOOKUP(C8&"-I",Crias!$A$5:$G$6221,7,FALSE),E8) -> 40099 | E8: =IFERROR(IF(C8="","",VLOOKUP(C8,Crias!$A$5:$G$6221,7,FALSE)),"Novilha") -> 46045 | F8: =IFERROR(IF(D8="","",((E8-D8+1)/30)+9.5),"S/R") -> 207.73333 | G8: =IF(F8="","",COUNTIF(Crias!$B$5:$B$6221,Matrizes!C8)+A8) -> 12 | H8: =IFERROR(F8/G8,"") -> 17.311111
C9: 862 | D9: =IFERROR(VLOOKUP(C9&"-I",Crias!$A$5:$G$6221,7,FALSE),E9) -> 39842 | E9: =IFERROR(IF(C9="","",VLOOKUP(C9,Crias!$A$5:$G$6221,7,FALSE)),"Novilha") -> 44893 | F9: =IFERROR(IF(D9="","",((E9-D9+1)/30)+9.5),"S/R") -> 177.9 | G9: =IF(F9="","",COUNTIF(Crias!$B$5:$B$6221,Matrizes!C9)+A9) -> 12 | H9: =IFERROR(F9/G9,"") -> 14.825 | I9: Perdida no Bambuzal
B10: =IF(C10="","",+LARGE($B$5:B9,1)+1) -> 2 | C10: 863 | D10: =IFERROR(VLOOKUP(C10&"-I",Crias!$A$5:$G$6221,7,FALSE),E10) -> 39647 | E10: =IFERROR(IF(C10="","",VLOOKUP(C10,Crias!$A$5:$G$6221,7,FALSE)),"Novilha") -> 45486 | F10: =IFERROR(IF(D10="","",((E10-D10+1)/30)+9.5),"S/R") -> 204.16667 | G10: =IF(F10="","",COUNTIF(Crias!$B$5:$B$6221,Matrizes!C10)+A10) -> 13 | H10: =IFERROR(F10/G10,"") -> 15.705128
C11: 865 | D11: =IFERROR(VLOOKUP(C11&"-I",Crias!$A$5:$G$6221,7,FALSE),E11) -> 40031 | E11: =IFERROR(IF(C11="","",VLOOKUP(C11,Crias!$A$5:$G$6221,7,FALSE)),"Novilha") -> 45196 | F11: =IFERROR(IF(D11="","",((E11-D11+1)/30)+9.5),"S/R") -> 181.7 | G11: =IF(F11="","",COUNTIF(Crias!$B$5:$B$6221,Matrizes!C11)+A11) -> 12 | H11: =IFERROR(F11/G11,"") -> 15.141667 | I11: mor.09/10/23.debili.apos uma noite presa a pata traz.na cerca.Deixou BEZ..
B12: =IF(C12="","",+LARGE($B$5:B11,1)+1) -> 3 | C12: 867 | D12: =IFERROR(VLOOKUP(C12&"-I",Crias!$A$5:$G$6221,7,FALSE),E12) -> 40047 | E12: =IFERROR(IF(C12="","",VLOOKUP(C12,Crias!$A$5:$G$6221,7,FALSE)),"Novilha") -> 45944 | F12: =IFERROR(IF(D12="","",((E12-D12+1)/30)+9.5),"S/R") -> 206.1 | G12: =IF(F12="","",COUNTIF(Crias!$B$5:$B$6221,Matrizes!C12)+A12) -> 15 | H12: =IFERROR(F12/G12,"") -> 13.74
C13: 869 | D13: =IFERROR(VLOOKUP(C13&"-I",Crias!$A$5:$G$6221,7,FALSE),E13) -> 39842 | E13: =IFERROR(IF(C13="","",VLOOKUP(C13,Crias!$A$5:$G$6221,7,FALSE)),"Novilha") -> 44646 | F13: =IFERROR(IF(D13="","",((E13-D13+1)/30)+9.5),"S/R") -> 169.66667 | G13: =IF(F13="","",COUNTIF(Crias!$B$5:$B$6221,Matrizes!C13)+A13) -> 10 | H13: =IFERROR(F13/G13,"") -> 16.966667 | I13: Descartada em 10/23 c/11,7@
C14: 870 | D14: =IFERROR(VLOOKUP(C14&"-I",Crias!$A$5:$G$6221,7,FALSE),E14) -> 39669 | E14: =IFERROR(IF(C14="","",VLOOKUP(C14,Crias!$A$5:$G$6221,7,FALSE)),"Novilha") -> 44605 | F14: =IFERROR(IF(D14="","",((E14-D14+1)/30)+9.5),"S/R") -> 174.06667 | G14: =IF(F14="","",COUNTIF(Crias!$B$5:$B$6221,Matrizes!C14)+A14) -> 13 | H14: =IFERROR(F14/G14,"") -> 13.389744 | I14: morreu em 18/08/23 mordida por cobra.
C15: 871 | D15: =IFERROR(VLOOKUP(C15&"-I",Crias!$A$5:$G$6221,7,FALSE),E15) -> 39625 | E15: =IFERROR(IF(C15="","",VLOOKUP(C15,Crias!$A$5:$G$6221,7,FALSE)),"Novilha") -> 43423 | F15: =IFERROR(IF(D15="","",((E15-D15+1)/30)+9.5),"S/R") -> 136.13333 | G15: =IF(F15="","",COUNTIF(Crias!$B$5:$B$6221,Matrizes!C15)+A15) -> 10 | H15: =IFERROR(F15/G15,"") -> 13.613333 | I15: descartada em 06/21 - c/10,5@ - prob. Bez. Mumificado
C16: 872 | D16: =IFERROR(VLOOKUP(C16&"-I",Crias!$A$5:$G$6221,7,FALSE),E16) -> 39670 | E16: =IFERROR(IF(C16="","",VLOOKUP(C16,Crias!$A$5:$G$6221,7,FALSE)),"Novilha") -> 43834 | F16: =IFERROR(IF(D16="","",((E16-D16+1)/30)+9.5),"S/R") -> 148.33333 | G16: =IF(F16="","",COUNTIF(Crias!$B$5:$B$6221,Matrizes!C16)+A16) -> 11 | H16: =IFERROR(F16/G16,"") -> 13.484848
C17: 873 | D17: =IFERROR(VLOOKUP(C17&"-I",Crias!$A$5:$G$6221,7,FALSE),E17) -> 39715 | E17: =IFERROR(IF(C17="","",VLOOKUP(C17,Crias!$A$5:$G$6221,7,FALSE)),"Novilha") -> 45369 | F17: =IFERROR(IF(D17="","",((E17-D17+1)/30)+9.5),"S/R") -> 198 | G17: =IF(F17="","",COUNTIF(Crias!$B$5:$B$6221,Matrizes!C17)+A17) -> 15 | H17: =IFERROR(F17/G17,"") -> 13.2 | I17: Descartada c/12@ p/Arlindo em 12/25.
B18: =IF(C18="","",+LARGE($B$5:B17,1)+1) -> 4 | C18: 874 | D18: =IFERROR(VLOOKUP(C18&"-I",Crias!$A$5:$G$6221,7,FALSE),E18) -> 39846 | E18: =IFERROR(IF(C18="","",VLOOKUP(C18,Crias!$A$5:$G$6221,7,FALSE)),"Novilha") -> 46105 | F18: =IFERROR(IF(D18="","",((E18-D18+1)/30)+9.5),"S/R") -> 218.16667 | G18: =IF(F18="","",COUNTIF(Crias!$B$5:$B$6221,Matrizes!C18)+A18) -> 12 | H18: =IFERROR(F18/G18,"") -> 18.180556
C19: 875 | D19: =IFERROR(VLOOKUP(C19&"-I",Crias!$A$5:$G$6221,7,FALSE),E19) -> 39853 | E19: =IFERROR(IF(C19="","",VLOOKUP(C19,Crias!$A$5:$G$6221,7,FALSE)),"Novilha") -> 44197 | F19: =IFERROR(IF(D19="","",((E19-D19+1)/30)+9.5),"S/R") -> 154.33333 | G19: =IF(F19="","",COUNTIF(Crias!$B$5:$B$6221,Matrizes!C19)+A19) -> 10 | H19: =IFERROR(F19/G19,"") -> 15.433333 | I19: Descartada em 02/02.
C20: 876 | D20: =IFERROR(VLOOKUP(C20&"-I",Crias!$A$5:$G$6221,7,FALSE),E20) -> 39851 | E20: =IFERROR(IF(C20="","",VLOOKUP(C20,Crias!$A$5:$G$6221,7,FALSE)),"Novilha") -> 45673 | F20: =IFERROR(IF(D20="","",((E20-D20+1)/30)+9.5),"S/R") -> 203.6 | G20: =IF(F20="","",COUNTIF(Crias!$B$5:$B$6221,Matrizes!C20)+A20) -> 14 | H20: =IFERROR(F20/G20,"") -> 14.542857 | I20: Descartada c/11@ p/ Luciano Moraes.em 02/26.
C21: 877 | D21: =IFERROR(VLOOKUP(C21&"-I",Crias!$A$5:$G$6221,7,FALSE),E21) -> 39835 | E21: =IFERROR(IF(C21="","",VLOOKUP(C21,Crias!$A$5:$G$6221,7,FALSE)),"Novilha") -> 44510 | F21: =IFERROR(IF(D21="","",((E21-D21+1)/30)+9.5),"S/R") -> 165.36667 | G21: 12 | H21: =IFERROR(F21/G21,"") -> 13.780556 | I21: Descartada em 10/23 c/11,7@
C22: 880 | D22: =IFERROR(VLOOKUP(C22&"-I",Crias!$A$5:$G$6221,7,FALSE),E22) -> 39752 | E22: =IFERROR(IF(C22="","",VLOOKUP(C22,Crias!$A$5:$G$6221,7,FALSE)),"Novilha") -> 44821 | F22: =IFERROR(IF(D22="","",((E22-D22+1)/30)+9.5),"S/R") -> 178.5 | G22: =IF(F22="","",COUNTIF(Crias!$B$5:$B$6221,Matrizes!C22)+A22) -> 12 | H22: =IFERROR(F22/G22,"") -> 14.875 | I22: Descartada em 10/23 c/11,7@
C23: 881 | D23: =IFERROR(VLOOKUP(C23&"-I",Crias!$A$5:$G$6221,7,FALSE),E23) -> 39754 | E23: =IFERROR(IF(C23="","",VLOOKUP(C23,Crias!$A$5:$G$6221,7,FALSE)),"Novilha") -> 45684 | F23: =IFERROR(IF(D23="","",((E23-D23+1)/30)+9.5),"S/R") -> 207.2 | G23: =IF(F23="","",COUNTIF(Crias!$B$5:$B$6221,Matrizes!C23)+A23) -> 15 | H23: =IFERROR(F23/G23,"") -> 13.813333 | I23: descartada em 12/25 Arlindo 12,0@
C24: 882 | D24: =IFERROR(VLOOKUP(C24&"-I",Crias!$A$5:$G$6221,7,FALSE),E24) -> 39631 | E24: =IFERROR(IF(C24="","",VLOOKUP(C24,Crias!$A$5:$G$6221,7,FALSE)),"Novilha") -> 44287 | F24: =IFERROR(IF(D24="","",((E24-D24+1)/30)+9.5),"S/R") -> 164.73333 | G24: =IF(F24="","",COUNTIF(Crias!$B$5:$B$6221,Matrizes!C24)+A24) -> 11 | H24: =IFERROR(F24/G24,"") -> 14.975758 | I24: Descartada em 10/23 c/11,7@
C25: 884 | D25: =IFERROR(VLOOKUP(C25&"-I",Crias!$A$5:$G$6221,7,FALSE),E25) -> 39854 | E25: =IFERROR(IF(C25="","",VLOOKUP(C25,Crias!$A$5:$G$6221,7,FALSE)),"Novilha") -> 44939 | F25: =IFERROR(IF(D25="","",((E25-D25+1)/30)+9.5),"S/R") -> 179.03333 | G25: =IF(F25="","",COUNTIF(Crias!$B$5:$B$6221,Matrizes!C25)+A25) -> 12 | H25: =IFERROR(F25/G25,"") -> 14.919444 | I25: Descartada em 10/23 c/11,7@
C26: 885 | D26: =IFERROR(VLOOKUP(C26&"-I",Crias!$A$5:$G$6221,7,FALSE),E26) -> 39834 | E26: =IFERROR(IF(C26="","",VLOOKUP(C26,Crias!$A$5:$G$6221,7,FALSE)),"Novilha") -> 44894 | F26: =IFERROR(IF(D26="","",((E26-D26+1)/30)+9.5),"S/R") -> 178.2 | G26: =IF(F26="","",COUNTIF(Crias!$B$5:$B$6221,Matrizes!C26)+A26) -> 12 | H26: =IFERROR(F26/G26,"") -> 14.85 | I26: Descartada em 10/23 c/11,7@
C27: 886 | D27: =IFERROR(VLOOKUP(C27&"-I",Crias!$A$5:$G$6221,7,FALSE),E27) -> 39755 | E27: =IFERROR(IF(C27="","",VLOOKUP(C27,Crias!$A$5:$G$6221,7,FALSE)),"Novilha") -> 45404 | F27: =IFERROR(IF(D27="","",((E27-D27+1)/30)+9.5),"S/R") -> 197.83333 | G27: =IF(F27="","",COUNTIF(Crias!$B$5:$B$6221,Matrizes!C27)+A27) -> 14 | H27: =IFERROR(F27/G27,"") -> 14.130952 | I27: descartada p/abate em 20/07/25 p/Arlindo com 13,5 @
C28: 889 | D28: =IFERROR(VLOOKUP(C28&"-I",Crias!$A$5:$G$6221,7,FALSE),E28) -> 39676 | E28: =IFERROR(IF(C28="","",VLOOKUP(C28,Crias!$A$5:$G$6221,7,FALSE)),"Novilha") -> 44860 | F28: =IFERROR(IF(D28="","",((E28-D28+1)/30)+9.5),"S/R") -> 182.33333 | G28: =IF(F28="","",COUNTIF(Crias!$B$5:$B$6221,Matrizes!C28)+A28) -> 12 | H28: =IFERROR(F28/G28,"") -> 15.194444 | I28: morreu em 10/04//23, envenenada por ervas daninha.
B29: =IF(C29="","",+LARGE($B$5:B28,1)+1) -> 5 | C29: 893 | D29: =IFERROR(VLOOKUP(C29&"-I",Crias!$A$5:$G$6221,7,FALSE),E29) -> 39951 | E29: =IFERROR(IF(C29="","",VLOOKUP(C29,Crias!$A$5:$G$6221,7,FALSE)),"Novilha") -> 45835 | F29: =IFERROR(IF(D29="","",((E29-D29+1)/30)+9.5),"S/R") -> 205.66667 | G29: =IF(F29="","",COUNTIF(Crias!$B$5:$B$6221,Matrizes!C29)+A29) -> 12 | H29: =IFERROR(F29/G29,"") -> 17.138889
C30: 894 | D30: =IFERROR(VLOOKUP(C30&"-I",Crias!$A$5:$G$6221,7,FALSE),E30) -> 39846 | E30: =IFERROR(IF(C30="","",VLOOKUP(C30,Crias!$A$5:$G$6221,7,FALSE)),"Novilha") -> 45792 | F30: =IFERROR(IF(D30="","",((E30-D30+1)/30)+9.5),"S/R") -> 207.73333 | G30: =IF(F30="","",COUNTIF(Crias!$B$5:$B$6221,Matrizes!C30)+A30) -> 13 | H30: =IFERROR(F30/G30,"") -> 15.979487 | I30: morreu mordida p/cobra em 17/07/25 /beza.amamentada p/mat. 1020.
C31: 896 | D31: =IFERROR(VLOOKUP(C31&"-I",Crias!$A$5:$G$6221,7,FALSE),E31) -> 39878 | E31: =IFERROR(IF(C31="","",VLOOKUP(C31,Crias!$A$5:$G$6221,7,FALSE)),"Novilha") -> 43476 | F31: =IFERROR(IF(D31="","",((E31-D31+1)/30)+9.5),"S/R") -> 129.46667 | G31: =IF(F31="","",COUNTIF(Crias!$B$5:$B$6221,Matrizes!C31)+A31) -> 9 | H31: =IFERROR(F31/G31,"") -> 14.385185 | I31: descartada em 03/20 - c/12@ - devido prob. de ciclagem
C32: 897 | D32: =IFERROR(VLOOKUP(C32&"-I",Crias!$A$5:$G$6221,7,FALSE),E32) -> 39755 | E32: =IFERROR(IF(C32="","",VLOOKUP(C32,Crias!$A$5:$G$6221,7,FALSE)),"Novilha") -> 43692 | F32: =IFERROR(IF(D32="","",((E32-D32+1)/30)+9.5),"S/R") -> 140.76667 | G32: =IF(F32="","",COUNTIF(Crias!$B$5:$B$6221,Matrizes!C32)+A32) -> 10 | H32: =IFERROR(F32/G32,"") -> 14.076667 | I32: descartada em 11/20 - c/11,5 @, devido prob.de ciclagem.
C33: 898 | D33: =IFERROR(VLOOKUP(C33&"-I",Crias!$A$5:$G$6221,7,FALSE),E33) -> 39790 | E33: =IFERROR(IF(C33="","",VLOOKUP(C33,Crias!$A$5:$G$6221,7,FALSE)),"Novilha") -> 44431 | F33: =IFERROR(IF(D33="","",((E33-D33+1)/30)+9.5),"S/R") -> 164.23333 | G33: =IF(F33="","",COUNTIF(Crias!$B$5:$B$6221,Matrizes!C33)+A33) -> 12 | H33: =IFERROR(F33/G33,"") -> 13.686111 | I33: Descartada em 10/23 c/11,7@
C34: 899 | D34: =IFERROR(VLOOKUP(C34&"-I",Crias!$A$5:$G$6221,7,FALSE),E34) -> 39976 | E34: =IFERROR(IF(C34="","",VLOOKUP(C34,Crias!$A$5:$G$6221,7,FALSE)),"Novilha") -> 45881 | F34: =IFERROR(IF(D34="","",((E34-D34+1)/30)+9.5),"S/R") -> 206.36667 | G34: =IF(F34="","",COUNTIF(Crias!$B$5:$B$6221,Matrizes!C34)+A34) -> 14 | H34: =IFERROR(F34/G34,"") -> 14.740476 | I34: Descartada c/11@ p/ Luciano Moraes.em 02/26.
C35: 926 | D35: =IFERROR(VLOOKUP(C35&"-I",Crias!$A$5:$G$6221,7,FALSE),E35) -> 39838 | E35: =IFERROR(IF(C35="","",VLOOKUP(C35,Crias!$A$5:$G$6221,7,FALSE)),"Novilha") -> 45628 | F35: =IFERROR(IF(D35="","",((E35-D35+1)/30)+9.5),"S/R") -> 202.53333 | G35: =IF(F35="","",COUNTIF(Crias!$B$5:$B$6221,Matrizes!C35)+A35) -> 14 | H35: =IFERROR(F35/G35,"") -> 14.466667 | I35: Perdida no Bambuzal
C36: 930 | D36: =IFERROR(VLOOKUP(C36&"-I",Crias!$A$5:$G$6221,7,FALSE),E36) -> 40051 | E36: =IFERROR(IF(C36="","",VLOOKUP(C36,Crias!$A$5:$G$6221,7,FALSE)),"Novilha") -> 45991 | F36: =IFERROR(IF(D36="","",((E36-D36+1)/30)+9.5),"S/R") -> 207.53333 | G36: =IF(F36="","",COUNTIF(Crias!$B$5:$B$6221,Matrizes!C36)+A36) -> 13 | H36: =IFERROR(F36/G36,"") -> 15.964103 | I36: .morr. deb.apos atol. Em poço da PB/3R.em12/02/26.bez. Ama.p/outra matriz.
B37: =IF(C37="","",+LARGE($B$5:B36,1)+1) -> 6 | C37: 931 | D37: =IFERROR(VLOOKUP(C37&"-I",Crias!$A$5:$G$6221,7,FALSE),E37) -> 40072 | E37: =IFERROR(IF(C37="","",VLOOKUP(C37,Crias!$A$5:$G$6221,7,FALSE)),"Novilha") -> 45393 | F37: =IFERROR(IF(D37="","",((E37-D37+1)/30)+9.5),"S/R") -> 186.9 | G37: =IF(F37="","",COUNTIF(Crias!$B$5:$B$6221,Matrizes!C37)+A37) -> 12 | H37: =IFERROR(F37/G37,"") -> 15.575
C38: 933 | D38: =IFERROR(VLOOKUP(C38&"-I",Crias!$A$5:$G$6221,7,FALSE),E38) -> 40059 | E38: =IFERROR(IF(C38="","",VLOOKUP(C38,Crias!$A$5:$G$6221,7,FALSE)),"Novilha") -> 45174 | F38: =IFERROR(IF(D38="","",((E38-D38+1)/30)+9.5),"S/R") -> 180.03333 | G38: =IF(F38="","",COUNTIF(Crias!$B$5:$B$6221,Matrizes!C38)+A38) -> 14 | H38: =IFERROR(F38/G38,"") -> 12.859524 | I38: Morreu em 18/04/24, mordida por cobra.
C39: 934 | D39: =IFERROR(VLOOKUP(C39&"-I",Crias!$A$5:$G$6221,7,FALSE),E39) -> 40060 | E39: =IFERROR(IF(C39="","",VLOOKUP(C39,Crias!$A$5:$G$6221,7,FALSE)),"Novilha") -> 45953 | F39: =IFERROR(IF(D39="","",((E39-D39+1)/30)+9.5),"S/R") -> 205.96667 | G39: =IF(F39="","",COUNTIF(Crias!$B$5:$B$6221,Matrizes!C39)+A39) -> 13 | H39: =IFERROR(F39/G39,"") -> 15.84359 | I39: Descartada c/11@ p/ Luciano Moraes.em 02/26.
C40: 936 | D40: =IFERROR(VLOOKUP(C40&"-I",Crias!$A$5:$G$6221,7,FALSE),E40) -> 40056 | E40: =IFERROR(IF(C40="","",VLOOKUP(C40,Crias!$A$5:$G$6221,7,FALSE)),"Novilha") -> 44993 | F40: =IFERROR(IF(D40="","",((E40-D40+1)/30)+9.5),"S/R") -> 174.1 | G40: =IF(F40="","",COUNTIF(Crias!$B$5:$B$6221,Matrizes!C40)+A40) -> 12 | H40: =IFERROR(F40/G40,"") -> 14.508333 | I40: debilitada morreu afogada na represa em15/02/25
C41: 939 | D41: =IFERROR(VLOOKUP(C41&"-I",Crias!$A$5:$G$6221,7,FALSE),E41) -> 40085 | E41: =IFERROR(IF(C41="","",VLOOKUP(C41,Crias!$A$5:$G$6221,7,FALSE)),"Novilha") -> 45642 | F41: =IFERROR(IF(D41="","",((E41-D41+1)/30)+9.5),"S/R") -> 194.76667 | G41: =IF(F41="","",COUNTIF(Crias!$B$5:$B$6221,Matrizes!C41)+A41) -> 12 | H41: =IFERROR(F41/G41,"") -> 16.230556 | I41: Descartada c/11@ p/ Luciano Moraes.em 02/26.
C42: 942 | D42: =IFERROR(VLOOKUP(C42&"-I",Crias!$A$5:$G$6221,7,FALSE),E42) -> 40052 | E42: =IFERROR(IF(C42="","",VLOOKUP(C42,Crias!$A$5:$G$6221,7,FALSE)),"Novilha") -> 43858 | F42: =IFERROR(IF(D42="","",((E42-D42+1)/30)+9.5),"S/R") -> 136.4 | G42: =IF(F42="","",COUNTIF(Crias!$B$5:$B$6221,Matrizes!C42)+A42) -> 9 | H42: =IFERROR(F42/G42,"") -> 15.155556 | I42: Descartada em 09/22 c/11@
C43: 943 | D43: =IFERROR(VLOOKUP(C43&"-I",Crias!$A$5:$G$6221,7,FALSE),E43) -> 40066 | E43: =IFERROR(IF(C43="","",VLOOKUP(C43,Crias!$A$5:$G$6221,7,FALSE)),"Novilha") -> 45700 | F43: =IFERROR(IF(D43="","",((E43-D43+1)/30)+9.5),"S/R") -> 197.33333 | G43: =IF(F43="","",COUNTIF(Crias!$B$5:$B$6221,Matrizes!C43)+A43) -> 14 | H43: =IFERROR(F43/G43,"") -> 14.095238 | I43: Descartada c/11@ p/ Luciano Moraes.em 02/26.
C44: 944 | D44: =IFERROR(VLOOKUP(C44&"-I",Crias!$A$5:$G$6221,7,FALSE),E44) -> 40063 | E44: =IFERROR(IF(C44="","",VLOOKUP(C44,Crias!$A$5:$G$6221,7,FALSE)),"Novilha") -> 44107 | F44: =IFERROR(IF(D44="","",((E44-D44+1)/30)+9.5),"S/R") -> 144.33333 | G44: =IF(F44="","",COUNTIF(Crias!$B$5:$B$6221,Matrizes!C44)+A44) -> 10 | H44: =IFERROR(F44/G44,"") -> 14.433333 | I44: descartada em 07/21 - c/13,5@ - prob.de ciclagem
C45: 945 | D45: =IFERROR(VLOOKUP(C45&"-I",Crias!$A$5:$G$6221,7,FALSE),E45) -> 40065 | E45: =IFERROR(IF(C45="","",VLOOKUP(C45,Crias!$A$5:$G$6221,7,FALSE)),"Novilha") -> 45595 | F45: =IFERROR(IF(D45="","",((E45-D45+1)/30)+9.5),"S/R") -> 193.86667 | G45: =IF(F45="","",COUNTIF(Crias!$B$5:$B$6221,Matrizes!C45)+A45) -> 13 | H45: =IFERROR(F45/G45,"") -> 14.912821 | I45: Descartada c/11@ p/ Luciano Moraes.em 02/26.
C46: 946 | D46: =IFERROR(VLOOKUP(C46&"-I",Crias!$A$5:$G$6221,7,FALSE),E46) -> 40050 | E46: =IFERROR(IF(C46="","",VLOOKUP(C46,Crias!$A$5:$G$6221,7,FALSE)),"Novilha") -> 45461 | F46: =IFERROR(IF(D46="","",((E46-D46+1)/30)+9.5),"S/R") -> 189.9 | G46: =IF(F46="","",COUNTIF(Crias!$B$5:$B$6221,Matrizes!C46)+A46) -> 13 | H46: =IFERROR(F46/G46,"") -> 14.607692 | I46: Descartada c/11@ p/ Luciano Moraes.em 02/26.
C47: 947 | D47: =IFERROR(VLOOKUP(C47&"-I",Crias!$A$5:$G$6221,7,FALSE),E47) -> 40062 | E47: =IFERROR(IF(C47="","",VLOOKUP(C47,Crias!$A$5:$G$6221,7,FALSE)),"Novilha") -> 45289 | F47: =IFERROR(IF(D47="","",((E47-D47+1)/30)+9.5),"S/R") -> 183.76667 | G47: =IF(F47="","",COUNTIF(Crias!$B$5:$B$6221,Matrizes!C47)+A47) -> 12 | H47: =IFERROR(F47/G47,"") -> 15.313889 | I47: Descartada para abate em 02/24 com 14@.
C48: 949 | D48: =IFERROR(VLOOKUP(C48&"-I",Crias!$A$5:$G$6221,7,FALSE),E48) -> 40062 | E48: =IFERROR(IF(C48="","",VLOOKUP(C48,Crias!$A$5:$G$6221,7,FALSE)),"Novilha") -> 44152 | F48: =IFERROR(IF(D48="","",((E48-D48+1)/30)+9.5),"S/R") -> 145.86667 | G48: =IF(F48="","",COUNTIF(Crias!$B$5:$B$6221,Matrizes!C48)+A48) -> 10 | H48: =IFERROR(F48/G48,"") -> 14.586667 | I48: Morreu apos atolamento em 08/22.
C49: 950 | D49: =IFERROR(VLOOKUP(C49&"-I",Crias!$A$5:$G$6221,7,FALSE),E49) -> 40055 | E49: =IFERROR(IF(C49="","",VLOOKUP(C49,Crias!$A$5:$G$6221,7,FALSE)),"Novilha") -> 44478 | F49: =IFERROR(IF(D49="","",((E49-D49+1)/30)+9.5),"S/R") -> 156.96667 | G49: =IF(F49="","",COUNTIF(Crias!$B$5:$B$6221,Matrizes!C49)+A49) -> 11 | H49: =IFERROR(F49/G49,"") -> 14.269697 | I49: Sacrificada devido infec.gener.na vista em 07/22
... C51: 956 | D51: =IFERROR(VLOOKUP(C51&"-I",Crias!$A$5:$G$6221,7,FALSE),E51) -> 40477 | E51: =IFERROR(IF(C51="","",VLOOKUP(C51,Crias!$A$5:$G$6221,7,FALSE)),"Novilha") -> 45889 | F51: =IFERROR(IF(D51="","",((E51-D51+1)/30)+9.5),"S/R") -> 189.93333 | G51: =IF(F51="","",COUNTIF(Crias!$B$5:$B$6221,Matrizes!C51)+A51) -> 12 | H51: =IFERROR(F51/G51,"") -> 15.827778 | I51: Descartada c/11@ p/ Luciano Moraes.em 02/26.
B52: =IF(C52="","",+LARGE($B$5:B51,1)+1) -> 7 | C52: 957 | D52: =IFERROR(VLOOKUP(C52&"-I",Crias!$A$5:$G$6221,7,FALSE),E52) -> 40833 | E52: =IFERROR(IF(C52="","",VLOOKUP(C52,Crias!$A$5:$G$6221,7,FALSE)),"Novilha") -> 45858 | F52: =IFERROR(IF(D52="","",((E52-D52+1)/30)+9.5),"S/R") -> 177.03333 | G52: =IF(F52="","",COUNTIF(Crias!$B$5:$B$6221,Matrizes!C52)+A52) -> 13 | H52: =IFERROR(F52/G52,"") -> 13.617949
B53: =IF(C53="","",+LARGE($B$5:B52,1)+1) -> 8 | C53: 958 | D53: =IFERROR(VLOOKUP(C53&"-I",Crias!$A$5:$G$6221,7,FALSE),E53) -> 40803 | E53: =IFERROR(IF(C53="","",VLOOKUP(C53,Crias!$A$5:$G$6221,7,FALSE)),"Novilha") -> 45851 | F53: =IFERROR(IF(D53="","",((E53-D53+1)/30)+9.5),"S/R") -> 177.8 | G53: =IF(F53="","",COUNTIF(Crias!$B$5:$B$6221,Matrizes!C53)+A53) -> 12 | H53: =IFERROR(F53/G53,"") -> 14.816667
B54: =IF(C54="","",+LARGE($B$5:B53,1)+1) -> 9 | C54: 959 | D54: =IFERROR(VLOOKUP(C54&"-I",Crias!$A$5:$G$6221,7,FALSE),E54) -> 40876 | E54: =IFERROR(IF(C54="","",VLOOKUP(C54,Crias!$A$5:$G$6221,7,FALSE)),"Novilha") -> 45866 | F54: =IFERROR(IF(D54="","",((E54-D54+1)/30)+9.5),"S/R") -> 175.86667 | G54: =IF(F54="","",COUNTIF(Crias!$B$5:$B$6221,Matrizes!C54)+A54) -> 11 | H54: =IFERROR(F54/G54,"") -> 15.987879
B55: =IF(C55="","",+LARGE($B$5:B54,1)+1) -> 10 | C55: 961 | D55: =IFERROR(VLOOKUP(C55&"-I",Crias!$A$5:$G$6221,7,FALSE),E55) -> 41583 | E55: =IFERROR(IF(C55="","",VLOOKUP(C55,Crias!$A$5:$G$6221,7,FALSE)),"Novilha") -> 45590 | F55: =IFERROR(IF(D55="","",((E55-D55+1)/30)+9.5),"S/R") -> 143.1 | G55: =IF(F55="","",COUNTIF(Crias!$B$5:$B$6221,Matrizes!C55)+A55) -> 9 | H55: =IFERROR(F55/G55,"") -> 15.9
B56: =IF(C56="","",+LARGE($B$5:B55,1)+1) -> 11 | C56: 963 | D56: =IFERROR(VLOOKUP(C56&"-I",Crias!$A$5:$G$6221,7,FALSE),E56) -> 40806 | E56: =IFERROR(IF(C56="","",VLOOKUP(C56,Crias!$A$5:$G$6221,7,FALSE)),"Novilha") -> 45826 | F56: =IFERROR(IF(D56="","",((E56-D56+1)/30)+9.5),"S/R") -> 176.86667 | G56: =IF(F56="","",COUNTIF(Crias!$B$5:$B$6221,Matrizes!C56)+A56) -> 11 | H56: =IFERROR(F56/G56,"") -> 16.078788
B57: =IF(C57="","",+LARGE($B$5:B56,1)+1) -> 12 | C57: 964 | D57: =IFERROR(VLOOKUP(C57&"-I",Crias!$A$5:$G$6221,7,FALSE),E57) -> 40805 | E57: =IFERROR(IF(C57="","",VLOOKUP(C57,Crias!$A$5:$G$6221,7,FALSE)),"Novilha") -> 45942 | F57: =IFERROR(IF(D57="","",((E57-D57+1)/30)+9.5),"S/R") -> 180.76667 | G57: =IF(F57="","",COUNTIF(Crias!$B$5:$B$6221,Matrizes!C57)+A57) -> 14 | H57: =IFERROR(F57/G57,"") -> 12.911905
C58: 965 | D58: =IFERROR(VLOOKUP(C58&"-I",Crias!$A$5:$G$6221,7,FALSE),E58) -> 40813 | E58: =IFERROR(IF(C58="","",VLOOKUP(C58,Crias!$A$5:$G$6221,7,FALSE)),"Novilha") -> 43763 | F58: =IFERROR(IF(D58="","",((E58-D58+1)/30)+9.5),"S/R") -> 107.86667 | G58: =IF(F58="","",COUNTIF(Crias!$B$5:$B$6221,Matrizes!C58)+A58) -> 8 | H58: =IFERROR(F58/G58,"") -> 13.483333 | I58: Morreu fulminada p/raio em 25/04/2020
C59: 966 | D59: =IFERROR(VLOOKUP(C59&"-I",Crias!$A$5:$G$6221,7,FALSE),E59) -> 41038 | E59: =IFERROR(IF(C59="","",VLOOKUP(C59,Crias!$A$5:$G$6221,7,FALSE)),"Novilha") -> 44976 | F59: =IFERROR(IF(D59="","",((E59-D59+1)/30)+9.5),"S/R") -> 140.8 | G59: =IF(F59="","",COUNTIF(Crias!$B$5:$B$6221,Matrizes!C59)+A59) -> 11 | H59: =IFERROR(F59/G59,"") -> 12.8 | I59: descartada p/abate em 24/09/24 p/Arlindo com 14,0 @
B60: =IF(C60="","",+LARGE($B$5:B59,1)+1) -> 13 | C60: 967 | D60: =IFERROR(VLOOKUP(C60&"-I",Crias!$A$5:$G$6221,7,FALSE),E60) -> 40770 | E60: =IFERROR(IF(C60="","",VLOOKUP(C60,Crias!$A$5:$G$6221,7,FALSE)),"Novilha") -> 45595 | F60: =IFERROR(IF(D60="","",((E60-D60+1)/30)+9.5),"S/R") -> 170.36667 | G60: =IF(F60="","",COUNTIF(Crias!$B$5:$B$6221,Matrizes!C60)+A60) -> 12 | H60: =IFERROR(F60/G60,"") -> 14.197222
C61: 969 | D61: =IFERROR(VLOOKUP(C61&"-I",Crias!$A$5:$G$6221,7,FALSE),E61) -> 40806 | E61: =IFERROR(IF(C61="","",VLOOKUP(C61,Crias!$A$5:$G$6221,7,FALSE)),"Novilha") -> 45435 | F61: =IFERROR(IF(D61="","",((E61-D61+1)/30)+9.5),"S/R") -> 163.83333 | G61: =IF(F61="","",COUNTIF(Crias!$B$5:$B$6221,Matrizes!C61)+A61) -> 12 | H61: =IFERROR(F61/G61,"") -> 13.652778 | I61: morreu mordida por cobra em 20/06/2025
C62: 972 | D62: =IFERROR(VLOOKUP(C62&"-I",Crias!$A$5:$G$6221,7,FALSE),E62) -> 40870 | E62: =IFERROR(IF(C62="","",VLOOKUP(C62,Crias!$A$5:$G$6221,7,FALSE)),"Novilha") -> 44325 | F62: =IFERROR(IF(D62="","",((E62-D62+1)/30)+9.5),"S/R") -> 124.7 | G62: =IF(F62="","",COUNTIF(Crias!$B$5:$B$6221,Matrizes!C62)+A62) -> 8 | H62: =IFERROR(F62/G62,"") -> 15.5875 | I62: Sacrificada devido infec.gener.no chifre/celebro em 02/22..
B63: =IF(C63="","",+LARGE($B$5:B62,1)+1) -> 14 | C63: 973 | D63: =IFERROR(VLOOKUP(C63&"-I",Crias!$A$5:$G$6221,7,FALSE),E63) -> 40791 | E63: =IFERROR(IF(C63="","",VLOOKUP(C63,Crias!$A$5:$G$6221,7,FALSE)),"Novilha") -> 45764 | F63: =IFERROR(IF(D63="","",((E63-D63+1)/30)+9.5),"S/R") -> 175.3 | G63: =IF(F63="","",COUNTIF(Crias!$B$5:$B$6221,Matrizes!C63)+A63) -> 14 | H63: =IFERROR(F63/G63,"") -> 12.521429
C64: 974 | D64: =IFERROR(VLOOKUP(C64&"-I",Crias!$A$5:$G$6221,7,FALSE),E64) -> 40872 | E64: =IFERROR(IF(C64="","",VLOOKUP(C64,Crias!$A$5:$G$6221,7,FALSE)),"Novilha") -> 45993 | F64: =IFERROR(IF(D64="","",((E64-D64+1)/30)+9.5),"S/R") -> 180.23333 | G64: =IF(F64="","",COUNTIF(Crias!$B$5:$B$6221,Matrizes!C64)+A64) -> 11 | H64: =IFERROR(F64/G64,"") -> 16.384848 | I64: . Morreu debilitada em02/01/26. Beza.criada. por outra matriz.
B65: =IF(C65="","",+LARGE($B$5:B64,1)+1) -> 15 | C65: 976 | D65: =IFERROR(VLOOKUP(C65&"-I",Crias!$A$5:$G$6221,7,FALSE),E65) -> 42323 | E65: =IFERROR(IF(C65="","",VLOOKUP(C65,Crias!$A$5:$G$6221,7,FALSE)),"Novilha") -> 46083 | F65: =IFERROR(IF(D65="","",((E65-D65+1)/30)+9.5),"S/R") -> 134.86667 | G65: =IF(F65="","",COUNTIF(Crias!$B$5:$B$6221,Matrizes!C65)+A65) -> 9 | H65: =IFERROR(F65/G65,"") -> 14.985185
C66: 977 | D66: =IFERROR(VLOOKUP(C66&"-I",Crias!$A$5:$G$6221,7,FALSE),E66) -> 42029 | E66: =IFERROR(IF(C66="","",VLOOKUP(C66,Crias!$A$5:$G$6221,7,FALSE)),"Novilha") -> 44887 | F66: =IFERROR(IF(D66="","",((E66-D66+1)/30)+9.5),"S/R") -> 104.8 | G66: =IF(F66="","",COUNTIF(Crias!$B$5:$B$6221,Matrizes!C66)+A66) -> 8 | H66: =IFERROR(F66/G66,"") -> 13.1 | I66: descartada p/abate em 24/09/24 p/Arlindo com 14,0 @
B67: =IF(C67="","",+LARGE($B$5:B66,1)+1) -> 16 | C67: 978 | D67: =IFERROR(VLOOKUP(C67&"-I",Crias!$A$5:$G$6221,7,FALSE),E67) -> 42564 | E67: =IFERROR(IF(C67="","",VLOOKUP(C67,Crias!$A$5:$G$6221,7,FALSE)),"Novilha") -> 45585 | F67: =IFERROR(IF(D67="","",((E67-D67+1)/30)+9.5),"S/R") -> 110.23333 | G67: =IF(F67="","",COUNTIF(Crias!$B$5:$B$6221,Matrizes!C67)+A67) -> 8 | H67: =IFERROR(F67/G67,"") -> 13.779167
C68: 979 | D68: =IFERROR(VLOOKUP(C68&"-I",Crias!$A$5:$G$6221,7,FALSE),E68) -> 42291 | E68: =IFERROR(IF(C68="","",VLOOKUP(C68,Crias!$A$5:$G$6221,7,FALSE)),"Novilha") -> 43411 | F68: =IFERROR(IF(D68="","",((E68-D68+1)/30)+9.5),"S/R") -> 46.866667 | G68: =IF(F68="","",COUNTIF(Crias!$B$5:$B$6221,Matrizes!C68)+A68) -> 3 | H68: =IFERROR(F68/G68,"") -> 15.622222 | I68: Perdida no Bambuzal
B69: =IF(C69="","",+LARGE($B$5:B68,1)+1) -> 17 | C69: 980 | D69: =IFERROR(VLOOKUP(C69&"-I",Crias!$A$5:$G$6221,7,FALSE),E69) -> 42047 | E69: =IFERROR(IF(C69="","",VLOOKUP(C69,Crias!$A$5:$G$6221,7,FALSE)),"Novilha") -> 46097 | F69: =IFERROR(IF(D69="","",((E69-D69+1)/30)+9.5),"S/R") -> 144.53333 | G69: =IF(F69="","",COUNTIF(Crias!$B$5:$B$6221,Matrizes!C69)+A69) -> 11 | H69: =IFERROR(F69/G69,"") -> 13.139394
B70: =IF(C70="","",+LARGE($B$5:B69,1)+1) -> 18 | C70: 981 | D70: =IFERROR(VLOOKUP(C70&"-I",Crias!$A$5:$G$6221,7,FALSE),E70) -> 42240 | E70: =IFERROR(IF(C70="","",VLOOKUP(C70,Crias!$A$5:$G$6221,7,FALSE)),"Novilha") -> 46105 | F70: =IFERROR(IF(D70="","",((E70-D70+1)/30)+9.5),"S/R") -> 138.36667 | G70: =IF(F70="","",COUNTIF(Crias!$B$5:$B$6221,Matrizes!C70)+A70) -> 9 | H70: =IFERROR(F70/G70,"") -> 15.374074 | I70: Mary
C71: 983 | D71: =IFERROR(VLOOKUP(C71&"-I",Crias!$A$5:$G$6221,7,FALSE),E71) -> 42273 | E71: =IFERROR(IF(C71="","",VLOOKUP(C71,Crias!$A$5:$G$6221,7,FALSE)),"Novilha") -> 44695 | F71: =IFERROR(IF(D71="","",((E71-D71+1)/30)+9.5),"S/R") -> 90.266667 | G71: =IF(F71="","",COUNTIF(Crias!$B$5:$B$6221,Matrizes!C71)+A71) -> 6 | H71: =IFERROR(F71/G71,"") -> 15.044444 | I71: Descartada em 10/23 c/ 11,7@
B72: =IF(C72="","",+LARGE($B$5:B71,1)+1) -> 19 | C72: 984 | D72: =IFERROR(VLOOKUP(C72&"-I",Crias!$A$5:$G$6221,7,FALSE),E72) -> 41997 | E72: =IFERROR(IF(C72="","",VLOOKUP(C72,Crias!$A$5:$G$6221,7,FALSE)),"Novilha") -> 45790 | F72: =IFERROR(IF(D72="","",((E72-D72+1)/30)+9.5),"S/R") -> 135.96667 | G72: =IF(F72="","",COUNTIF(Crias!$B$5:$B$6221,Matrizes!C72)+A72) -> 9 | H72: 22 | I72: Mary
C73: 985 | D73: =IFERROR(VLOOKUP(C73&"-I",Crias!$A$5:$G$6221,7,FALSE),E73) -> 41965 | E73: =IFERROR(IF(C73="","",VLOOKUP(C73,Crias!$A$5:$G$6221,7,FALSE)),"Novilha") -> 45796 | F73: =IFERROR(IF(D73="","",((E73-D73+1)/30)+9.5),"S/R") -> 137.23333 | G73: =IF(F73="","",COUNTIF(Crias!$B$5:$B$6221,Matrizes!C73)+A73) -> 9 | H73: =IFERROR(F73/G73,"") -> 15.248148 | I73: morreu mordida p/cobra em 17/07/25 /beza.amamentada p/mat. 1020.
B74: 20 | C74: 987 | D74: =IFERROR(VLOOKUP(C74&"-I",Crias!$A$5:$G$6221,7,FALSE),E74) -> 42282 | E74: =IFERROR(IF(C74="","",VLOOKUP(C74,Crias!$A$5:$G$6221,7,FALSE)),"Novilha") -> 45949 | F74: =IFERROR(IF(D74="","",((E74-D74+1)/30)+9.5),"S/R") -> 131.76667 | G74: =IF(F74="","",COUNTIF(Crias!$B$5:$B$6221,Matrizes!C74)+A74) -> 9 | H74: =IFERROR(F74/G74,"") -> 14.640741
B75: =IF(C75="","",+LARGE($B$5:B74,1)+1) -> 21 | C75: 988 | D75: =IFERROR(VLOOKUP(C75&"-I",Crias!$A$5:$G$6221,7,FALSE),E75) -> 42021 | E75: =IFERROR(IF(C75="","",VLOOKUP(C75,Crias!$A$5:$G$6221,7,FALSE)),"Novilha") -> 45764 | F75: =IFERROR(IF(D75="","",((E75-D75+1)/30)+9.5),"S/R") -> 134.3 | G75: =IF(F75="","",COUNTIF(Crias!$B$5:$B$6221,Matrizes!C75)+A75) -> 9 | H75: =IFERROR(F75/G75,"") -> 14.922222 | I75: Fabio
C76: 989 | D76: =IFERROR(VLOOKUP(C76&"-I",Crias!$A$5:$G$6221,7,FALSE),E76) -> 42401 | E76: =IFERROR(IF(C76="","",VLOOKUP(C76,Crias!$A$5:$G$6221,7,FALSE)),"Novilha") -> 43486 | F76: =IFERROR(IF(D76="","",((E76-D76+1)/30)+9.5),"S/R") -> 45.7 | G76: =IF(F76="","",COUNTIF(Crias!$B$5:$B$6221,Matrizes!C76)+A76) -> 3 | H76: =IFERROR(F76/G76,"") -> 15.233333 | I76: descartada em 03/20 - c/12,0@
B77: =IF(C77="","",+LARGE($B$5:B76,1)+1) -> 22 | C77: 990 | D77: =IFERROR(VLOOKUP(C77&"-I",Crias!$A$5:$G$6221,7,FALSE),E77) -> 42359 | E77: =IFERROR(IF(C77="","",VLOOKUP(C77,Crias!$A$5:$G$6221,7,FALSE)),"Novilha") -> 45670 | F77: =IFERROR(IF(D77="","",((E77-D77+1)/30)+9.5),"S/R") -> 119.9 | G77: =IF(F77="","",COUNTIF(Crias!$B$5:$B$6221,Matrizes!C77)+A77) -> 8 | H77: =IFERROR(F77/G77,"") -> 14.9875
B78: =IF(C78="","",+LARGE($B$5:B77,1)+1) -> 23 | C78: 992 | D78: =IFERROR(VLOOKUP(C78&"-I",Crias!$A$5:$G$6221,7,FALSE),E78) -> 42380 | E78: =IFERROR(IF(C78="","",VLOOKUP(C78,Crias!$A$5:$G$6221,7,FALSE)),"Novilha") -> 45914 | F78: =IFERROR(IF(D78="","",((E78-D78+1)/30)+9.5),"S/R") -> 127.33333 | G78: =IF(F78="","",COUNTIF(Crias!$B$5:$B$6221,Matrizes!C78)+A78) -> 9 | H78: =IFERROR(F78/G78,"") -> 14.148148
B79: =IF(C79="","",+LARGE($B$5:B78,1)+1) -> 24 | C79: 993 | D79: =IFERROR(VLOOKUP(C79&"-I",Crias!$A$5:$G$6221,7,FALSE),E79) -> 42329 | E79: =IFERROR(IF(C79="","",VLOOKUP(C79,Crias!$A$5:$G$6221,7,FALSE)),"Novilha") -> 45866 | F79: =IFERROR(IF(D79="","",((E79-D79+1)/30)+9.5),"S/R") -> 127.43333 | G79: =IF(F79="","",COUNTIF(Crias!$B$5:$B$6221,Matrizes!C79)+A79) -> 8 | H79: =IFERROR(F79/G79,"") -> 15.929167
C80: 1008 | D80: =IFERROR(VLOOKUP(C80&"-I",Crias!$A$5:$G$6221,7,FALSE),E80) -> 43811 | E80: =IFERROR(IF(C80="","",VLOOKUP(C80,Crias!$A$5:$G$6221,7,FALSE)),"Novilha") -> 43811 | F80: =IFERROR(IF(D80="","",((E80-D80+1)/30)+9.5),"S/R") -> 9.5333333 | G80: =IF(F80="","",COUNTIF(Crias!$B$5:$B$6221,Matrizes!C80)+A80) -> 1 | H80: =IFERROR(F80/G80,"") -> 9.5333333 | I80: descartada em 11/20, devido prob.de parto.
B81: =IF(C81="","",+LARGE($B$5:B80,1)+1) -> 25 | C81: 1009 | D81: 43784 | E81: 45923 | F81: =IFERROR(IF(D81="","",((E81-D81+1)/30)+9.5),"S/R") -> 80.833333 | G81: =IF(F81="","",COUNTIF(Crias!$B$5:$B$6221,Matrizes!C81)+A81) -> 6 | H81: =IFERROR(F81/G81,"") -> 13.472222
B82: =IF(C82="","",+LARGE($B$5:B81,1)+1) -> 26 | C82: 1010 | D82: =IFERROR(VLOOKUP(C82&"-I",Crias!$A$5:$G$6221,7,FALSE),E82) -> 43805 | E82: =IFERROR(IF(C82="","",VLOOKUP(C82,Crias!$A$5:$G$6221,7,FALSE)),"Novilha") -> 45879 | F82: =IFERROR(IF(D82="","",((E82-D82+1)/30)+9.5),"S/R") -> 78.666667 | G82: =IF(F82="","",COUNTIF(Crias!$B$5:$B$6221,Matrizes!C82)+A82) -> 6 | H82: =IFERROR(F82/G82,"") -> 13.111111
B83: =IF(C83="","",+LARGE($B$5:B82,1)+1) -> 27 | C83: 1011 | D83: =IFERROR(VLOOKUP(C83&"-I",Crias!$A$5:$G$6221,7,FALSE),E83) -> 43821 | E83: =IFERROR(IF(C83="","",VLOOKUP(C83,Crias!$A$5:$G$6221,7,FALSE)),"Novilha") -> 45947 | F83: =IFERROR(IF(D83="","",((E83-D83+1)/30)+9.5),"S/R") -> 80.4 | G83: =IF(F83="","",COUNTIF(Crias!$B$5:$B$6221,Matrizes!C83)+A83) -> 6 | H83: =IFERROR(F83/G83,"") -> 13.4
B84: =IF(C84="","",+LARGE($B$5:B83,1)+1) -> 28 | C84: 1012 | D84: =IFERROR(VLOOKUP(C84&"-I",Crias!$A$5:$G$6221,7,FALSE),E84) -> 43872 | E84: =IFERROR(IF(C84="","",VLOOKUP(C84,Crias!$A$5:$G$6221,7,FALSE)),"Novilha") -> 45839 | F84: =IFERROR(IF(D84="","",((E84-D84+1)/30)+9.5),"S/R") -> 75.1 | G84: =IF(F84="","",COUNTIF(Crias!$B$5:$B$6221,Matrizes!C84)+A84) -> 5 | H84: =IFERROR(F84/G84,"") -> 15.02
B85: =IF(C85="","",+LARGE($B$5:B84,1)+1) -> 29 | C85: 1020 | D85: =IFERROR(VLOOKUP(C85&"-I",Crias!$A$5:$G$6221,7,FALSE),E85) -> 45216 | E85: =IFERROR(IF(C85="","",VLOOKUP(C85,Crias!$A$5:$G$6221,7,FALSE)),"Novilha") -> 45840 | F85: =IFERROR(IF(D85="","",((E85-D85+1)/30)+9.5),"S/R") -> 30.333333 | G85: =IF(F85="","",COUNTIF(Crias!$B$5:$B$6221,Matrizes!C85)+A85) -> 2 | H85: =IFERROR(F85/G85,"") -> 15.166667
C86: 1021 | D86: =IFERROR(VLOOKUP(C86&"-I",Crias!$A$5:$G$6221,7,FALSE),E86) -> 44820 | E86: =IFERROR(IF(C86="","",VLOOKUP(C86,Crias!$A$5:$G$6221,7,FALSE)),"Novilha") -> 44820 | F86: =IFERROR(IF(D86="","",((E86-D86+1)/30)+9.5),"S/R") -> 9.5333333 | G86: =IF(F86="","",COUNTIF(Crias!$B$5:$B$6221,Matrizes!C86)+A86) -> 1 | H86: =IFERROR(F86/G86,"") -> 9.5333333 | I86: Morreu debilitada após parto.
B87: =IF(C87="","",+LARGE($B$5:B86,1)+1) -> 30 | C87: 1022 | D87: =IFERROR(VLOOKUP(C87&"-I",Crias!$A$5:$G$6221,7,FALSE),E87) -> 44849 | E87: =IFERROR(IF(C87="","",VLOOKUP(C87,Crias!$A$5:$G$6221,7,FALSE)),"Novilha") -> 45953 | F87: =IFERROR(IF(D87="","",((E87-D87+1)/30)+9.5),"S/R") -> 46.333333 | G87: =IF(F87="","",COUNTIF(Crias!$B$5:$B$6221,Matrizes!C87)+A87) -> 3 | H87: =IFERROR(F87/G87,"") -> 15.444444 | I87: abortou mumificado.
B88: =IF(C88="","",+LARGE($B$5:B87,1)+1) -> 31 | C88: 1023 | D88: =IFERROR(VLOOKUP(C88&"-I",Crias!$A$5:$G$6221,7,FALSE),E88) -> 44897 | E88: =IFERROR(IF(C88="","",VLOOKUP(C88,Crias!$A$5:$G$6221,7,FALSE)),"Novilha") -> 45993 | F88: =IFERROR(IF(D88="","",((E88-D88+1)/30)+9.5),"S/R") -> 46.066667 | G88: =IF(F88="","",COUNTIF(Crias!$B$5:$B$6221,Matrizes!C88)+A88) -> 3 | H88: =IFERROR(F88/G88,"") -> 15.355556
B89: =IF(C89="","",+LARGE($B$5:B88,1)+1) -> 32 | C89: 1024 | D89: =IFERROR(VLOOKUP(C89&"-I",Crias!$A$5:$G$6221,7,FALSE),E89) -> 44853 | E89: =IFERROR(IF(C89="","",VLOOKUP(C89,Crias!$A$5:$G$6221,7,FALSE)),"Novilha") -> 45905 | F89: =IFERROR(IF(D89="","",((E89-D89+1)/30)+9.5),"S/R") -> 44.6 | G89: =IF(F89="","",COUNTIF(Crias!$B$5:$B$6221,Matrizes!C89)+A89) -> 3 | H89: =IFERROR(F89/G89,"") -> 14.866667
B90: =IF(C90="","",+LARGE($B$5:B89,1)+1) -> 33 | C90: 1025 | D90: =IFERROR(VLOOKUP(C90&"-I",Crias!$A$5:$G$6221,7,FALSE),E90) -> 44809 | E90: =IFERROR(IF(C90="","",VLOOKUP(C90,Crias!$A$5:$G$6221,7,FALSE)),"Novilha") -> 45907 | F90: =IFERROR(IF(D90="","",((E90-D90+1)/30)+9.5),"S/R") -> 46.133333 | G90: =IF(F90="","",COUNTIF(Crias!$B$5:$B$6221,Matrizes!C90)+A90) -> 3 | H90: =IFERROR(F90/G90,"") -> 15.377778
B91: =IF(C91="","",+LARGE($B$5:B90,1)+1) -> 34 | C91: 1026 | D91: =IFERROR(VLOOKUP(C91&"-I",Crias!$A$5:$G$6221,7,FALSE),E91) -> 44837 | E91: 46092 | F91: =IFERROR(IF(D91="","",((E91-D91+1)/30)+9.5),"S/R") -> 51.366667 | G91: =IF(F91="","",COUNTIF(Crias!$B$5:$B$6221,Matrizes!C91)+A91) -> 3 | H91: =IFERROR(F91/G91,"") -> 17.122222
B92: =IF(C92="","",+LARGE($B$5:B91,1)+1) -> 35 | C92: 1027 | D92: =IFERROR(VLOOKUP(C92&"-I",Crias!$A$5:$G$6221,7,FALSE),E92) -> 44810 | E92: =IFERROR(IF(C92="","",VLOOKUP(C92,Crias!$A$5:$G$6221,7,FALSE)),"Novilha") -> 45965 | F92: =IFERROR(IF(D92="","",((E92-D92+1)/30)+9.5),"S/R") -> 48.033333 | G92: =IF(F92="","",COUNTIF(Crias!$B$5:$B$6221,Matrizes!C92)+A92) -> 3 | H92: =IFERROR(F92/G92,"") -> 16.011111
B93: =IF(C93="","",+LARGE($B$5:B92,1)+1) -> 36 | C93: 1028 | D93: =IFERROR(VLOOKUP(C93&"-I",Crias!$A$5:$G$6221,7,FALSE),E93) -> 44830 | E93: =IFERROR(IF(C93="","",VLOOKUP(C93,Crias!$A$5:$G$6221,7,FALSE)),"Novilha") -> 45907 | F93: =IFERROR(IF(D93="","",((E93-D93+1)/30)+9.5),"S/R") -> 45.433333 | G93: =IF(F93="","",COUNTIF(Crias!$B$5:$B$6221,Matrizes!C93)+A93) -> 3 | H93: =IFERROR(F93/G93,"") -> 15.144444
B94: =IF(C94="","",+LARGE($B$5:B93,1)+1) -> 37 | C94: 1029 | D94: =IFERROR(VLOOKUP(C94&"-I",Crias!$A$5:$G$6221,7,FALSE),E94) -> 44803 | E94: =IFERROR(IF(C94="","",VLOOKUP(C94,Crias!$A$5:$G$6221,7,FALSE)),"Novilha") -> 45931 | F94: =IFERROR(IF(D94="","",((E94-D94+1)/30)+9.5),"S/R") -> 47.133333 | G94: =IF(F94="","",COUNTIF(Crias!$B$5:$B$6221,Matrizes!C94)+A94) -> 3 | H94: =IFERROR(F94/G94,"") -> 15.711111
B95: =IF(C95="","",+LARGE($B$5:B94,1)+1) -> 38 | C95: 1030 | D95: =IFERROR(VLOOKUP(C95&"-I",Crias!$A$5:$G$6221,7,FALSE),E95) -> 44790 | E95: =IFERROR(IF(C95="","",VLOOKUP(C95,Crias!$A$5:$G$6221,7,FALSE)),"Novilha") -> 45870 | F95: =IFERROR(IF(D95="","",((E95-D95+1)/30)+9.5),"S/R") -> 45.533333 | G95: =IF(F95="","",COUNTIF(Crias!$B$5:$B$6221,Matrizes!C95)+A95) -> 3 | H95: =IFERROR(F95/G95,"") -> 15.177778
B96: =IF(C96="","",+LARGE($B$5:B95,1)+1) -> 39 | C96: 1031 | D96: =IFERROR(VLOOKUP(C96&"-I",Crias!$A$5:$G$6221,7,FALSE),E96) -> 44648 | E96: =IFERROR(IF(C96="","",VLOOKUP(C96,Crias!$A$5:$G$6221,7,FALSE)),"Novilha") -> 45755 | F96: =IFERROR(IF(D96="","",((E96-D96+1)/30)+9.5),"S/R") -> 46.433333 | G96: =IF(F96="","",COUNTIF(Crias!$B$5:$B$6221,Matrizes!C96)+A96) -> 3 | H96: =IFERROR(F96/G96,"") -> 15.477778
B97: =IF(C97="","",+LARGE($B$5:B96,1)+1) -> 40 | C97: 1032 | D97: =IFERROR(VLOOKUP(C97&"-I",Crias!$A$5:$G$6221,7,FALSE),E97) -> 45154 | E97: =IFERROR(IF(C97="","",VLOOKUP(C97,Crias!$A$5:$G$6221,7,FALSE)),"Novilha") -> 45667 | F97: =IFERROR(IF(D97="","",((E97-D97+1)/30)+9.5),"S/R") -> 26.633333 | G97: =IF(F97="","",COUNTIF(Crias!$B$5:$B$6221,Matrizes!C97)+A97) -> 2 | H97: =IFERROR(F97/G97,"") -> 13.316667
B98: =IF(C98="","",+LARGE($B$5:B97,1)+1) -> 41 | C98: 1033 | D98: =IFERROR(VLOOKUP(C98&"-I",Crias!$A$5:$G$6221,7,FALSE),E98) -> 44851 | E98: =IFERROR(IF(C98="","",VLOOKUP(C98,Crias!$A$5:$G$6221,7,FALSE)),"Novilha") -> 45751 | F98: 38.8 | G98: =IF(F98="","",COUNTIF(Crias!$B$5:$B$6221,Matrizes!C98)+A98) -> 3 | H98: =IFERROR(F98/G98,"") -> 12.933333
C99: 1034 | D99: =IFERROR(VLOOKUP(C99&"-I",Crias!$A$5:$G$6221,7,FALSE),E99) -> Novilha | E99: =IFERROR(IF(C99="","",VLOOKUP(C99,Crias!$A$5:$G$6221,7,FALSE)),"Novilha") -> Novilha | F99: =IFERROR(IF(D99="","",((E99-D99+1)/30)+9.5),"S/R") -> S/R | G99: =IF(F99="","",COUNTIF(Crias!$B$5:$B$6221,Matrizes!C99)+A99) -> 0 | H99: =IFERROR(F99/G99,"") | I99: Descartada em10/23 c/11,7@
B100: =IF(C100="","",+LARGE($B$5:B99,1)+1) -> 42 | C100: 1035 | D100: =IFERROR(VLOOKUP(C100&"-I",Crias!$A$5:$G$6221,7,FALSE),E100) -> 44905 | E100: =IFERROR(IF(C100="","",VLOOKUP(C100,Crias!$A$5:$G$6221,7,FALSE)),"Novilha") -> 45947 | F100: =IFERROR(IF(D100="","",((E100-D100+1)/30)+9.5),"S/R") -> 44.266667 | G100: =IF(F100="","",COUNTIF(Crias!$B$5:$B$6221,Matrizes!C100)+A100) -> 3 | H100: =IFERROR(F100/G100,"") -> 14.755556
B101: =IF(C101="","",+LARGE($B$5:B100,1)+1) -> 43 | C101: 1036 | D101: =IFERROR(VLOOKUP(C101&"-I",Crias!$A$5:$G$6221,7,FALSE),E101) -> 44885 | E101: =IFERROR(IF(C101="","",VLOOKUP(C101,Crias!$A$5:$G$6221,7,FALSE)),"Novilha") -> 45948 | F101: =IFERROR(IF(D101="","",((E101-D101+1)/30)+9.5),"S/R") -> 44.966667 | G101: =IF(F101="","",COUNTIF(Crias!$B$5:$B$6221,Matrizes!C101)+A101) -> 3 | H101: =IFERROR(F101/G101,"") -> 14.988889
...

Sheet Desempenho
B1: DESEMPENHO REPRODUTIVO DE MATRIZES
B2: DATA DO TOQUE: | D2: 45974 | E2: FAZENDAS ALMAS E TANGARA / SÃO FRANCISCO DO CONDE / BA. | M2: PERIODO | N2: 30/04/25 à 13/11/2025
B3: Nº ORD | C3: Nº DE REG. | D3: SITUAÇÃO ATUAL | E3: Nº DE CRIAS | F3: INT/CRIA MESES | G3: RESULT TOQUE | H3: PREV. PARTO | J3: CRUZ. | K3: DATA DO PARTO | L3: M/F-sex0 | M3: REG | N3: OBSESRVAÇÕES
A4: =IF(G4="VZ","",I4&1)&IF(K4>0,"-N","") -> 1 | B4: =+Matrizes!B5 -> 0 | C4: =+Matrizes!C5 -> 854 | D4: =+Matrizes!E5 -> 44569 | E4: =+Matrizes!G5 -> 13 | F4: =IFERROR(+Matrizes!H5,"") -> 13.389744 | H4: =IFERROR(IF(G4>0,+$D$2-G4+285,""),"xxxxx") | I4: =IFERROR(IF(G4>0,IF(DAY(+$D$2-G4+285)<=15,TEXT(+$D$2-G4+285-20,"Mmm")&"-"&TEXT(+$D$2-G4+285,"mmm"),TEXT(+$D$2-G4+285,"Mmm")&"-"&TEXT(+$D$2-G4+285+20,"mmm")),""),"xxxxx") | M4: Morreu | N4: Relatório de Manejo Reprodutivo e Comercial - Fazenda Visita do veterinário Márcio Reis em 11/11/25 para efetuar uma sessão de TOQUE em MATRIZES ocorrendo [a] visita do veterinário Márcio Reis em 11/11/25 para realização de TOQUE em 88 matrizes, incluindo 20 novilhas (bezerras prematuras), ocorrendo o resultado a [seguir]: [Uma matriz] descartada para Arlindo com 12@ em 24/12/25. [Resultado a] seguir: 26 matrizes CH (Cheias) e 62 matrizes VZ (Vazias). Analisando as 62 matrizes VZ teremos: 32 matrizes com bezerros ao pé, nascidos entre 01 a 90 dias passados. 08 bezerros nascidos [identificados pelos números]: 939, 946, 973, 984, 988, 990, 1012, 1020, 1042, 1045, 1053, 1058, 1063, 1064, 1065, 1066, 1067. Ocorrências e Observações: Perdida no bambuzal: [Matriz identificada como] Mor[ta]. deb[ilitada]. após atol[amento] em 12/02/2026. Bezerro criado pela [vaca] 1021 [por] 120 dias. Restando 22 matrizes para serem analisadas, [sendo estas] as matrizes com mais de 90 dias de paridas. Feito o remanejamento dos reprodutores das propriedades. Análise de Descarte e Vendas: Após análise da situação reprodutiva das matrizes com 10 a 15 crias, resultando em um grupo de 11 unidades, as quais foram negociadas por 33@ [cada ou total]. Durante o ano de 2025 foram incorporadas ao rebanho 15 bezerras em janeiro e 05 em dezembro/25, de acordo com o programa SUBMAT (renovação de matrizes). Após análise criteriosa, chegamos a 20 [matrizes] para DESCARTE: Venda 1 (10/02/26): Vendidas 10 matrizes para Luciano Moraes, que foram: 858, 859, 876, 899, 939, 934, 943, 945, 946, 1042, para DESCARTE, no total de 100@. Venda 2 (15/04/26): Vendidas para Luciano Moraes para DESCARTE as matrizes: 863, 867, 893, 957, 959, 963, 964, 984 e 992, em um total de 120@. Nota: [A matriz da] Mat[éria] deb[ilitada] mor[reu] em 01/02/26. Bezerro criado pela [vaca] 1021. Outras Baixas: Morreu mordida por cobra. MORREU [sem causa especificada]. Para descarte [pendente]. | XFD4: 1
A5: =IF(G5="VZ","",I5&COUNTIF($I$4:I4,I5)+1)&IF(K5>0,"-N","") -> 2 | B5: =+Matrizes!B6 -> 0 | C5: =+Matrizes!C6 -> 858 | D5: =+Matrizes!E6 -> 45548 | E5: =+Matrizes!G6 -> 13 | F5: =IFERROR(+Matrizes!H6,"") -> 15.369231 | H5: =IFERROR(IF(G5>0,+$D$2-G5+285,""),"xxxxx") | I5: =IFERROR(IF(G5>0,IF(DAY(+$D$2-G5+285)<=15,TEXT(+$D$2-G5+285-20,"Mmm")&"-"&TEXT(+$D$2-G5+285,"mmm"),TEXT(+$D$2-G5+285,"Mmm")&"-"&TEXT(+$D$2-G5+285+20,"mmm")),""),"xxxxx")
A6: =IF(G6="VZ","",I6&COUNTIF($I$4:I5,I6)+1)&IF(K6>0,"-N","") -> 3 | B6: =+Matrizes!B7 -> 0 | C6: 859 | D6: 44792 | E6: 12 | F6: 15.01 | H6: =IFERROR(IF(G6>0,+$D$2-G6+285,""),"xxxxx") | I6: =IFERROR(IF(G6>0,IF(DAY(+$D$2-G6+285)<=15,TEXT(+$D$2-G6+285-20,"Mmm")&"-"&TEXT(+$D$2-G6+285,"mmm"),TEXT(+$D$2-G6+285,"Mmm")&"-"&TEXT(+$D$2-G6+285+20,"mmm")),""),"xxxxx")
A7: =IF(G7="VZ","",I7&COUNTIF($I$4:I6,I7)+1)&IF(K7>0,"-N","") -> dez-jan1-N | B7: =+Matrizes!B8 -> 1 | C7: =+Matrizes!C8 -> 860 | D7: =+Matrizes!E8 -> 46045 | E7: =+Matrizes!G8 -> 12 | F7: =IFERROR(+Matrizes!H8,"") -> 17.311111 | G7: 240 | H7: =IFERROR(IF(G7>0,+$D$2-G7+285,""),"xxxxx") -> 46019 | I7: =IFERROR(IF(G7>0,IF(DAY(+$D$2-G7+285)<=15,TEXT(+$D$2-G7+285-20,"Mmm")&"-"&TEXT(+$D$2-G7+285,"mmm"),TEXT(+$D$2-G7+285,"Mmm")&"-"&TEXT(+$D$2-G7+285+20,"mmm")),""),"xxxxx") -> dez-jan | J7: nel.1 | K7: 46045 | L7: F | M7: 1153
A8: =IF(G8="VZ","",I8&COUNTIF($I$4:I7,I8)+1)&IF(K8>0,"-N","") -> 4 | B8: =+Matrizes!B9 -> 0 | C8: =+Matrizes!C9 -> 862 | D8: =+Matrizes!E9 -> 44893 | E8: =+Matrizes!G9 -> 12 | F8: =IFERROR(+Matrizes!H9,"") -> 14.825 | H8: =IFERROR(IF(G8>0,+$D$2-G8+285,""),"xxxxx") | I8: =IFERROR(IF(G8>0,IF(DAY(+$D$2-G8+285)<=15,TEXT(+$D$2-G8+285-20,"Mmm")&"-"&TEXT(+$D$2-G8+285,"mmm"),TEXT(+$D$2-G8+285,"Mmm")&"-"&TEXT(+$D$2-G8+285+20,"mmm")),""),"xxxxx") | M8: P/DESCARTE | XFD8: 1
A9: =IF(G9="VZ","",I9&COUNTIF($I$4:I8,I9)+1)&IF(K9>0,"-N","") -> -N | B9: =+Matrizes!B10 -> 2 | C9: =+Matrizes!C10 -> 863 | D9: =+Matrizes!E10 -> 45486 | E9: =+Matrizes!G10 -> 13 | F9: =IFERROR(+Matrizes!H10,"") -> 15.705128 | G9: VZ | H9: =IFERROR(IF(G9>0,+$D$2-G9+285,""),"xxxxx") -> xxxxx | I9: =IFERROR(IF(G9>0,IF(DAY(+$D$2-G9+285)<=15,TEXT(+$D$2-G9+285-20,"Mmm")&"-"&TEXT(+$D$2-G9+285,"mmm"),TEXT(+$D$2-G9+285,"Mmm")&"-"&TEXT(+$D$2-G9+285+20,"mmm")),""),"xxxxx") -> xxxxx | K9: descartada
A10: =IF(G10="VZ","",I10&COUNTIF($I$4:I9,I10)+1)&IF(K10>0,"-N","") -> 5 | B10: =+Matrizes!B11 -> 0 | C10: =+Matrizes!C11 -> 865 | D10: =+Matrizes!E11 -> 45196 | E10: =+Matrizes!G11 -> 12 | F10: =IFERROR(+Matrizes!H11,"") -> 15.141667 | H10: =IFERROR(IF(G10>0,+$D$2-G10+285,""),"xxxxx") | I10: =IFERROR(IF(G10>0,IF(DAY(+$D$2-G10+285)<=15,TEXT(+$D$2-G10+285-20,"Mmm")&"-"&TEXT(+$D$2-G10+285,"mmm"),TEXT(+$D$2-G10+285,"Mmm")&"-"&TEXT(+$D$2-G10+285+20,"mmm")),""),"xxxxx") | M10: Morreu | XFD10: 1
A11: =IF(G11="VZ","",I11&COUNTIF($I$4:I10,I11)+1)&IF(K11>0,"-N","") -> nov-dez1-N | B11: =+Matrizes!B12 -> 3 | C11: =+Matrizes!C12 -> 867 | D11: =+Matrizes!E12 -> 45944 | E11: =+Matrizes!G12 -> 15 | F11: =IFERROR(+Matrizes!H12,"") -> 13.74 | G11: 270 | H11: =IFERROR(IF(G11>0,+$D$2-G11+285,""),"xxxxx") -> 45989 | I11: =IFERROR(IF(G11>0,IF(DAY(+$D$2-G11+285)<=15,TEXT(+$D$2-G11+285-20,"Mmm")&"-"&TEXT(+$D$2-G11+285,"mmm"),TEXT(+$D$2-G11+285,"Mmm")&"-"&TEXT(+$D$2-G11+285+20,"mmm")),""),"xxxxx") -> nov-dez | J11: Nel.1 | K11: 45944 | L11: M | M11: 1136
A12: =IF(G12="VZ","",I12&COUNTIF($I$4:I11,I12)+1)&IF(K12>0,"-N","") -> 6 | B12: =+Matrizes!B13 -> 0 | C12: =+Matrizes!C13 -> 869 | D12: =+Matrizes!E13 -> 44646 | E12: =+Matrizes!G13 -> 10 | F12: =IFERROR(+Matrizes!H13,"") -> 16.966667 | H12: =IFERROR(IF(G12>0,+$D$2-G12+285,""),"xxxxx") | I12: =IFERROR(IF(G12>0,IF(DAY(+$D$2-G12+285)<=15,TEXT(+$D$2-G12+285-20,"Mmm")&"-"&TEXT(+$D$2-G12+285,"mmm"),TEXT(+$D$2-G12+285,"Mmm")&"-"&TEXT(+$D$2-G12+285+20,"mmm")),""),"xxxxx") | M12: P/DESCARTE | XFD12: 1
A13: =IF(G13="VZ","",I13&COUNTIF($I$4:I12,I13)+1)&IF(K13>0,"-N","") -> 7 | B13: =+Matrizes!B14 -> 0 | C13: =+Matrizes!C14 -> 870 | D13: =+Matrizes!E14 -> 44605 | E13: =+Matrizes!G14 -> 13 | F13: =IFERROR(+Matrizes!H14,"") -> 13.389744 | H13: =IFERROR(IF(G13>0,+$D$2-G13+285,""),"xxxxx") | I13: =IFERROR(IF(G13>0,IF(DAY(+$D$2-G13+285)<=15,TEXT(+$D$2-G13+285-20,"Mmm")&"-"&TEXT(+$D$2-G13+285,"mmm"),TEXT(+$D$2-G13+285,"Mmm")&"-"&TEXT(+$D$2-G13+285+20,"mmm")),""),"xxxxx") | M13: Morreu | XFD13: 1
A14: =IF(G14="VZ","",I14&COUNTIF($I$4:I13,I14)+1)&IF(K14>0,"-N","") -> 8 | B14: =+Matrizes!B15 -> 0 | C14: =+Matrizes!C15 -> 871 | D14: =+Matrizes!E15 -> 43423 | E14: =+Matrizes!G15 -> 10 | F14: =IFERROR(+Matrizes!H15,"") -> 13.613333 | H14: =IFERROR(IF(G14>0,+$D$2-G14+285,""),"xxxxx") | I14: =IFERROR(IF(G14>0,IF(DAY(+$D$2-G14+285)<=15,TEXT(+$D$2-G14+285-20,"Mmm")&"-"&TEXT(+$D$2-G14+285,"mmm"),TEXT(+$D$2-G14+285,"Mmm")&"-"&TEXT(+$D$2-G14+285+20,"mmm")),""),"xxxxx")
A15: =IF(G15="VZ","",I15&COUNTIF($I$4:I14,I15)+1)&IF(K15>0,"-N","") -> 9 | B15: =+Matrizes!B16 -> 0 | C15: =+Matrizes!C16 -> 872 | D15: =+Matrizes!E16 -> 43834 | E15: =+Matrizes!G16 -> 11 | F15: =IFERROR(+Matrizes!H16,"") -> 13.484848 | H15: =IFERROR(IF(G15>0,+$D$2-G15+285,""),"xxxxx") | I15: =IFERROR(IF(G15>0,IF(DAY(+$D$2-G15+285)<=15,TEXT(+$D$2-G15+285-20,"Mmm")&"-"&TEXT(+$D$2-G15+285,"mmm"),TEXT(+$D$2-G15+285,"Mmm")&"-"&TEXT(+$D$2-G15+285+20,"mmm")),""),"xxxxx")
A16: =IF(G16="VZ","",I16&COUNTIF($I$4:I15,I16)+1)&IF(K16>0,"-N","") -> 10 | B16: =+Matrizes!B17 -> 0 | C16: =+Matrizes!C17 -> 873 | D16: =+Matrizes!E17 -> 45369 | E16: =+Matrizes!G17 -> 15 | F16: =IFERROR(+Matrizes!H17,"") -> 13.2 | H16: =IFERROR(IF(G16>0,+$D$2-G16+285,""),"xxxxx") | I16: =IFERROR(IF(G16>0,IF(DAY(+$D$2-G16+285)<=15,TEXT(+$D$2-G16+285-20,"Mmm")&"-"&TEXT(+$D$2-G16+285,"mmm"),TEXT(+$D$2-G16+285,"Mmm")&"-"&TEXT(+$D$2-G16+285+20,"mmm")),""),"xxxxx")
A17: =IF(G17="VZ","",I17&COUNTIF($I$4:I16,I17)+1)&IF(K17>0,"-N","") -> mar-abr1-N | B17: =+Matrizes!B18 -> 4 | C17: =+Matrizes!C18 -> 874 | D17: =+Matrizes!E18 -> 46105 | E17: 15 | F17: =IFERROR(+Matrizes!H18,"") -> 18.180556 | G17: 160 | H17: =IFERROR(IF(G17>0,+$D$2-G17+285,""),"xxxxx") -> 46099 | I17: =IFERROR(IF(G17>0,IF(DAY(+$D$2-G17+285)<=15,TEXT(+$D$2-G17+285-20,"Mmm")&"-"&TEXT(+$D$2-G17+285,"mmm"),TEXT(+$D$2-G17+285,"Mmm")&"-"&TEXT(+$D$2-G17+285+20,"mmm")),""),"xxxxx") -> mar-abr | J17: nel.02 | K17: 46105 | L17: M | M17: 1161
A18: =IF(G18="VZ","",I18&COUNTIF($I$4:I17,I18)+1)&IF(K18>0,"-N","") -> 11 | B18: =+Matrizes!B19 -> 0 | C18: =+Matrizes!C19 -> 875 | D18: =+Matrizes!E19 -> 44197 | E18: =+Matrizes!G19 -> 10 | F18: =IFERROR(+Matrizes!H19,"") -> 15.433333 | H18: =IFERROR(IF(G18>0,+$D$2-G18+285,""),"xxxxx") | I18: =IFERROR(IF(G18>0,IF(DAY(+$D$2-G18+285)<=15,TEXT(+$D$2-G18+285-20,"Mmm")&"-"&TEXT(+$D$2-G18+285,"mmm"),TEXT(+$D$2-G18+285,"Mmm")&"-"&TEXT(+$D$2-G18+285+20,"mmm")),""),"xxxxx")
A19: =IF(G19="VZ","",I19&COUNTIF($I$4:I18,I19)+1)&IF(K19>0,"-N","") -> -N | B19: 8 | C19: =+Matrizes!C20 -> 876 | D19: =+Matrizes!E20 -> 45673 | E19: =+Matrizes!G20 -> 14 | F19: =IFERROR(+Matrizes!H20,"") -> 14.542857 | G19: VZ | H19: =IFERROR(IF(G19>0,+$D$2-G19+285,""),"xxxxx") -> xxxxx | I19: =IFERROR(IF(G19>0,IF(DAY(+$D$2-G19+285)<=15,TEXT(+$D$2-G19+285-20,"Mmm")&"-"&TEXT(+$D$2-G19+285,"mmm"),TEXT(+$D$2-G19+285,"Mmm")&"-"&TEXT(+$D$2-G19+285+20,"mmm")),""),"xxxxx") -> xxxxx | K19: descartada
A20: =IF(G20="VZ","",I20&COUNTIF($I$4:I19,I20)+1)&IF(K20>0,"-N","") -> 12 | B20: =+Matrizes!B21 -> 0 | C20: =+Matrizes!C21 -> 877 | D20: =+Matrizes!E21 -> 44510 | E20: =+Matrizes!G21 -> 12 | F20: =IFERROR(+Matrizes!H21,"") -> 13.780556 | H20: =IFERROR(IF(G20>0,+$D$2-G20+285,""),"xxxxx") | I20: =IFERROR(IF(G20>0,IF(DAY(+$D$2-G20+285)<=15,TEXT(+$D$2-G20+285-20,"Mmm")&"-"&TEXT(+$D$2-G20+285,"mmm"),TEXT(+$D$2-G20+285,"Mmm")&"-"&TEXT(+$D$2-G20+285+20,"mmm")),""),"xxxxx") | M20: P/DESCARTE | XFD20: 1
A21: =IF(G21="VZ","",I21&COUNTIF($I$4:I20,I21)+1)&IF(K21>0,"-N","") -> 13 | B21: =+Matrizes!B22 -> 0 | C21: =+Matrizes!C22 -> 880 | D21: =+Matrizes!E22 -> 44821 | E21: =+Matrizes!G22 -> 12 | F21: =IFERROR(+Matrizes!H22,"") -> 14.875 | H21: =IFERROR(IF(G21>0,+$D$2-G21+285,""),"xxxxx") | I21: =IFERROR(IF(G21>0,IF(DAY(+$D$2-G21+285)<=15,TEXT(+$D$2-G21+285-20,"Mmm")&"-"&TEXT(+$D$2-G21+285,"mmm"),TEXT(+$D$2-G21+285,"Mmm")&"-"&TEXT(+$D$2-G21+285+20,"mmm")),""),"xxxxx") | M21: P/DESCARTE | XFD21: 1
A22: =IF(G22="VZ","",I22&COUNTIF($I$4:I21,I22)+1)&IF(K22>0,"-N","") -> 14 | B22: =+Matrizes!B23 -> 0 | C22: =+Matrizes!C23 -> 881 | D22: =+Matrizes!E23 -> 45684 | E22: =+Matrizes!G23 -> 15 | F22: =IFERROR(+Matrizes!H23,"") -> 13.813333 | H22: =IFERROR(IF(G22>0,+$D$2-G22+285,""),"xxxxx") | I22: =IFERROR(IF(G22>0,IF(DAY(+$D$2-G22+285)<=15,TEXT(+$D$2-G22+285-20,"Mmm")&"-"&TEXT(+$D$2-G22+285,"mmm"),TEXT(+$D$2-G22+285,"Mmm")&"-"&TEXT(+$D$2-G22+285+20,"mmm")),""),"xxxxx")
A23: =IF(G23="VZ","",I23&COUNTIF($I$4:I22,I23)+1)&IF(K23>0,"-N","") -> 15 | B23: =+Matrizes!B24 -> 0 | C23: =+Matrizes!C24 -> 882 | D23: =+Matrizes!E24 -> 44287 | E23: =+Matrizes!G24 -> 11 | F23: =IFERROR(+Matrizes!H24,"") -> 14.975758 | H23: =IFERROR(IF(G23>0,+$D$2-G23+285,""),"xxxxx") | I23: =IFERROR(IF(G23>0,IF(DAY(+$D$2-G23+285)<=15,TEXT(+$D$2-G23+285-20,"Mmm")&"-"&TEXT(+$D$2-G23+285,"mmm"),TEXT(+$D$2-G23+285,"Mmm")&"-"&TEXT(+$D$2-G23+285+20,"mmm")),""),"xxxxx") | M23: P/DESCARTE | XFD23: 1
A24: =IF(G24="VZ","",I24&COUNTIF($I$4:I23,I24)+1)&IF(K24>0,"-N","") -> 16 | B24: =+Matrizes!B25 -> 0 | C24: =+Matrizes!C25 -> 884 | D24: =+Matrizes!E25 -> 44939 | E24: =+Matrizes!G25 -> 12 | F24: =IFERROR(+Matrizes!H25,"") -> 14.919444 | H24: =IFERROR(IF(G24>0,+$D$2-G24+285,""),"xxxxx") | I24: =IFERROR(IF(G24>0,IF(DAY(+$D$2-G24+285)<=15,TEXT(+$D$2-G24+285-20,"Mmm")&"-"&TEXT(+$D$2-G24+285,"mmm"),TEXT(+$D$2-G24+285,"Mmm")&"-"&TEXT(+$D$2-G24+285+20,"mmm")),""),"xxxxx") | M24: P/DESCARTE | XFD24: 1
A25: =IF(G25="VZ","",I25&COUNTIF($I$4:I24,I25)+1)&IF(K25>0,"-N","") -> 17 | B25: =+Matrizes!B26 -> 0 | C25: =+Matrizes!C26 -> 885 | D25: =+Matrizes!E26 -> 44894 | E25: =+Matrizes!G26 -> 12 | F25: =IFERROR(+Matrizes!H26,"") -> 14.85 | H25: =IFERROR(IF(G25>0,+$D$2-G25+285,""),"xxxxx") | I25: =IFERROR(IF(G25>0,IF(DAY(+$D$2-G25+285)<=15,TEXT(+$D$2-G25+285-20,"Mmm")&"-"&TEXT(+$D$2-G25+285,"mmm"),TEXT(+$D$2-G25+285,"Mmm")&"-"&TEXT(+$D$2-G25+285+20,"mmm")),""),"xxxxx") | M25: P/DESCARTE | XFD25: 1
A26: =IF(G26="VZ","",I26&COUNTIF($I$4:I25,I26)+1)&IF(K26>0,"-N","") -> 18 | B26: =+Matrizes!B27 -> 0 | C26: =+Matrizes!C27 -> 886 | D26: =+Matrizes!E27 -> 45404 | E26: =+Matrizes!G27 -> 14 | F26: =IFERROR(+Matrizes!H27,"") -> 14.130952 | H26: =IFERROR(IF(G26>0,+$D$2-G26+285,""),"xxxxx") | I26: =IFERROR(IF(G26>0,IF(DAY(+$D$2-G26+285)<=15,TEXT(+$D$2-G26+285-20,"Mmm")&"-"&TEXT(+$D$2-G26+285,"mmm"),TEXT(+$D$2-G26+285,"Mmm")&"-"&TEXT(+$D$2-G26+285+20,"mmm")),""),"xxxxx")
A27: =IF(G27="VZ","",I27&COUNTIF($I$4:I26,I27)+1)&IF(K27>0,"-N","") -> 19 | B27: =+Matrizes!B28 -> 0 | C27: =+Matrizes!C28 -> 889 | D27: =+Matrizes!E28 -> 44860 | E27: =+Matrizes!G28 -> 12 | F27: =IFERROR(+Matrizes!H28,"") -> 15.194444 | H27: =IFERROR(IF(G27>0,+$D$2-G27+285,""),"xxxxx") | I27: =IFERROR(IF(G27>0,IF(DAY(+$D$2-G27+285)<=15,TEXT(+$D$2-G27+285-20,"Mmm")&"-"&TEXT(+$D$2-G27+285,"mmm"),TEXT(+$D$2-G27+285,"Mmm")&"-"&TEXT(+$D$2-G27+285+20,"mmm")),""),"xxxxx") | M27: Morreu | XFD27: 1
A28: =IF(G28="VZ","",I28&COUNTIF($I$4:I27,I28)+1)&IF(K28>0,"-N","") -> -N | B28: =+Matrizes!B29 -> 5 | C28: =+Matrizes!C29 -> 893 | D28: =+Matrizes!E29 -> 45835 | E28: =+Matrizes!G29 -> 12 | F28: =IFERROR(+Matrizes!H29,"") -> 17.138889 | G28: VZ | H28: =IFERROR(IF(G28>0,+$D$2-G28+285,""),"xxxxx") -> xxxxx | I28: =IFERROR(IF(G28>0,IF(DAY(+$D$2-G28+285)<=15,TEXT(+$D$2-G28+285-20,"Mmm")&"-"&TEXT(+$D$2-G28+285,"mmm"),TEXT(+$D$2-G28+285,"Mmm")&"-"&TEXT(+$D$2-G28+285+20,"mmm")),""),"xxxxx") -> xxxxx | K28: descartada
A29: =IF(G29="VZ","",I29&COUNTIF($I$4:I28,I29)+1)&IF(K29>0,"-N","") -> 20 | B29: =+Matrizes!B30 -> 0 | C29: =+Matrizes!C30 -> 894 | D29: =+Matrizes!E30 -> 45792 | E29: =+Matrizes!G30 -> 13 | F29: =IFERROR(+Matrizes!H30,"") -> 15.979487 | H29: =IFERROR(IF(G29>0,+$D$2-G29+285,""),"xxxxx") | I29: =IFERROR(IF(G29>0,IF(DAY(+$D$2-G29+285)<=15,TEXT(+$D$2-G29+285-20,"Mmm")&"-"&TEXT(+$D$2-G29+285,"mmm"),TEXT(+$D$2-G29+285,"Mmm")&"-"&TEXT(+$D$2-G29+285+20,"mmm")),""),"xxxxx")
A30: =IF(G30="VZ","",I30&COUNTIF($I$4:I29,I30)+1)&IF(K30>0,"-N","") -> 21 | B30: =+Matrizes!B31 -> 0 | C30: =+Matrizes!C31 -> 896 | D30: =+Matrizes!E31 -> 43476 | E30: =+Matrizes!G31 -> 9 | F30: =IFERROR(+Matrizes!H31,"") -> 14.385185 | H30: =IFERROR(IF(G30>0,+$D$2-G30+285,""),"xxxxx") | I30: =IFERROR(IF(G30>0,IF(DAY(+$D$2-G30+285)<=15,TEXT(+$D$2-G30+285-20,"Mmm")&"-"&TEXT(+$D$2-G30+285,"mmm"),TEXT(+$D$2-G30+285,"Mmm")&"-"&TEXT(+$D$2-G30+285+20,"mmm")),""),"xxxxx")
A31: =IF(G31="VZ","",I31&COUNTIF($I$4:I30,I31)+1)&IF(K31>0,"-N","") -> 22 | B31: =+Matrizes!B32 -> 0 | C31: =+Matrizes!C32 -> 897 | D31: =+Matrizes!E32 -> 43692 | E31: =+Matrizes!G32 -> 10 | F31: =IFERROR(+Matrizes!H32,"") -> 14.076667 | H31: =IFERROR(IF(G31>0,+$D$2-G31+285,""),"xxxxx") | I31: =IFERROR(IF(G31>0,IF(DAY(+$D$2-G31+285)<=15,TEXT(+$D$2-G31+285-20,"Mmm")&"-"&TEXT(+$D$2-G31+285,"mmm"),TEXT(+$D$2-G31+285,"Mmm")&"-"&TEXT(+$D$2-G31+285+20,"mmm")),""),"xxxxx")
A32: =IF(G32="VZ","",I32&COUNTIF($I$4:I31,I32)+1)&IF(K32>0,"-N","") -> 23 | B32: =+Matrizes!B33 -> 0 | C32: =+Matrizes!C33 -> 898 | D32: =+Matrizes!E33 -> 44431 | E32: =+Matrizes!G33 -> 12 | F32: =IFERROR(+Matrizes!H33,"") -> 13.686111 | H32: =IFERROR(IF(G32>0,+$D$2-G32+285,""),"xxxxx") | I32: =IFERROR(IF(G32>0,IF(DAY(+$D$2-G32+285)<=15,TEXT(+$D$2-G32+285-20,"Mmm")&"-"&TEXT(+$D$2-G32+285,"mmm"),TEXT(+$D$2-G32+285,"Mmm")&"-"&TEXT(+$D$2-G32+285+20,"mmm")),""),"xxxxx") | M32: P/DESCARTE | XFD32: 1
A33: =IF(G33="VZ","",I33&COUNTIF($I$4:I32,I33)+1)&IF(K33>0,"-N","") -> 24 | B33: =+Matrizes!B34 -> 0 | C33: =+Matrizes!C34 -> 899 | D33: =+Matrizes!E34 -> 45881 | E33: =+Matrizes!G34 -> 14 | F33: =IFERROR(+Matrizes!H34,"") -> 14.740476 | H33: =IFERROR(IF(G33>0,+$D$2-G33+285,""),"xxxxx") | I33: =IFERROR(IF(G33>0,IF(DAY(+$D$2-G33+285)<=15,TEXT(+$D$2-G33+285-20,"Mmm")&"-"&TEXT(+$D$2-G33+285,"mmm"),TEXT(+$D$2-G33+285,"Mmm")&"-"&TEXT(+$D$2-G33+285+20,"mmm")),""),"xxxxx")
A34: =IF(G34="VZ","",I34&COUNTIF($I$4:I33,I34)+1)&IF(K34>0,"-N","") -> 25 | B34: =+Matrizes!B35 -> 0 | C34: =+Matrizes!C35 -> 926 | D34: =+Matrizes!E35 -> 45628 | E34: =+Matrizes!G35 -> 14 | F34: =IFERROR(+Matrizes!H35,"") -> 14.466667 | H34: =IFERROR(IF(G34>0,+$D$2-G34+285,""),"xxxxx") | I34: =IFERROR(IF(G34>0,IF(DAY(+$D$2-G34+285)<=15,TEXT(+$D$2-G34+285-20,"Mmm")&"-"&TEXT(+$D$2-G34+285,"mmm"),TEXT(+$D$2-G34+285,"Mmm")&"-"&TEXT(+$D$2-G34+285+20,"mmm")),""),"xxxxx")
A35: =IF(G35="VZ","",I35&COUNTIF($I$4:I34,I35)+1)&IF(K35>0,"-N","") -> 26 | B35: =+Matrizes!B36 -> 0 | C35: =+Matrizes!C36 -> 930 | D35: =+Matrizes!E36 -> 45991 | E35: =+Matrizes!G36 -> 13 | F35: =IFERROR(+Matrizes!H36,"") -> 15.964103 | H35: =IFERROR(IF(G35>0,+$D$2-G35+285,""),"xxxxx") | I35: =IFERROR(IF(G35>0,IF(DAY(+$D$2-G35+285)<=15,TEXT(+$D$2-G35+285-20,"Mmm")&"-"&TEXT(+$D$2-G35+285,"mmm"),TEXT(+$D$2-G35+285,"Mmm")&"-"&TEXT(+$D$2-G35+285+20,"mmm")),""),"xxxxx") | L35: F | M35: 1149
A36: =IF(G36="VZ","",I36&COUNTIF($I$4:I35,I36)+1)&IF(K36>0,"-N","") -> mar-abr2 | B36: =+Matrizes!B37 -> 6 | C36: =+Matrizes!C37 -> 931 | D36: =+Matrizes!E37 -> 45393 | E36: =+Matrizes!G37 -> 12 | F36: =IFERROR(+Matrizes!H37,"") -> 15.575 | G36: 150 | H36: =IFERROR(IF(G36>0,+$D$2-G36+285,""),"xxxxx") -> 46109 | I36: =IFERROR(IF(G36>0,IF(DAY(+$D$2-G36+285)<=15,TEXT(+$D$2-G36+285-20,"Mmm")&"-"&TEXT(+$D$2-G36+285,"mmm"),TEXT(+$D$2-G36+285,"Mmm")&"-"&TEXT(+$D$2-G36+285+20,"mmm")),""),"xxxxx") -> mar-abr
A37: =IF(G37="VZ","",I37&COUNTIF($I$4:I36,I37)+1)&IF(K37>0,"-N","") -> 27 | B37: =+Matrizes!B38 -> 0 | C37: =+Matrizes!C38 -> 933 | D37: =+Matrizes!E38 -> 45174 | E37: =+Matrizes!G38 -> 14 | F37: =IFERROR(+Matrizes!H38,"") -> 12.859524 | H37: =IFERROR(IF(G37>0,+$D$2-G37+285,""),"xxxxx") | I37: =IFERROR(IF(G37>0,IF(DAY(+$D$2-G37+285)<=15,TEXT(+$D$2-G37+285-20,"Mmm")&"-"&TEXT(+$D$2-G37+285,"mmm"),TEXT(+$D$2-G37+285,"Mmm")&"-"&TEXT(+$D$2-G37+285+20,"mmm")),""),"xxxxx")
A38: =IF(G38="VZ","",I38&COUNTIF($I$4:I37,I38)+1)&IF(K38>0,"-N","") -> 28 | B38: =+Matrizes!B39 -> 0 | C38: =+Matrizes!C39 -> 934 | D38: =+Matrizes!E39 -> 45953 | E38: =+Matrizes!G39 -> 13 | F38: =IFERROR(+Matrizes!H39,"") -> 15.84359 | H38: =IFERROR(IF(G38>0,+$D$2-G38+285,""),"xxxxx") | I38: =IFERROR(IF(G38>0,IF(DAY(+$D$2-G38+285)<=15,TEXT(+$D$2-G38+285-20,"Mmm")&"-"&TEXT(+$D$2-G38+285,"mmm"),TEXT(+$D$2-G38+285,"Mmm")&"-"&TEXT(+$D$2-G38+285+20,"mmm")),""),"xxxxx") | L38: F | M38: 1043
A39: =IF(G39="VZ","",I39&COUNTIF($I$4:I38,I39)+1)&IF(K39>0,"-N","") -> 29 | B39: =+Matrizes!B40 -> 0 | C39: =+Matrizes!C40 -> 936 | D39: =+Matrizes!E40 -> 44993 | E39: =+Matrizes!G40 -> 12 | F39: =IFERROR(+Matrizes!H40,"") -> 14.508333 | H39: =IFERROR(IF(G39>0,+$D$2-G39+285,""),"xxxxx") | I39: =IFERROR(IF(G39>0,IF(DAY(+$D$2-G39+285)<=15,TEXT(+$D$2-G39+285-20,"Mmm")&"-"&TEXT(+$D$2-G39+285,"mmm"),TEXT(+$D$2-G39+285,"Mmm")&"-"&TEXT(+$D$2-G39+285+20,"mmm")),""),"xxxxx")
A40: =IF(G40="VZ","",I40&COUNTIF($I$4:I39,I40)+1)&IF(K40>0,"-N","") -> 30 | B40: =+Matrizes!B41 -> 0 | C40: =+Matrizes!C41 -> 939 | D40: =+Matrizes!E41 -> 45642 | E40: =+Matrizes!G41 -> 12 | F40: =IFERROR(+Matrizes!H41,"") -> 16.230556 | H40: =IFERROR(IF(G40>0,+$D$2-G40+285,""),"xxxxx") | I40: =IFERROR(IF(G40>0,IF(DAY(+$D$2-G40+285)<=15,TEXT(+$D$2-G40+285-20,"Mmm")&"-"&TEXT(+$D$2-G40+285,"mmm"),TEXT(+$D$2-G40+285,"Mmm")&"-"&TEXT(+$D$2-G40+285+20,"mmm")),""),"xxxxx")
A41: =IF(G41="VZ","",I41&COUNTIF($I$4:I40,I41)+1)&IF(K41>0,"-N","") -> 31 | B41: =+Matrizes!B42 -> 0 | C41: =+Matrizes!C42 -> 942 | D41: =+Matrizes!E42 -> 43858 | E41: =+Matrizes!G42 -> 9 | F41: =IFERROR(+Matrizes!H42,"") -> 15.155556 | I41: =IFERROR(IF(G41>0,IF(DAY(+$D$2-G41+285)<=15,TEXT(+$D$2-G41+285-20,"Mmm")&"-"&TEXT(+$D$2-G41+285,"mmm"),TEXT(+$D$2-G41+285,"Mmm")&"-"&TEXT(+$D$2-G41+285+20,"mmm")),""),"xxxxx")
A42: =IF(G42="VZ","",I42&COUNTIF($I$4:I41,I42)+1)&IF(K42>0,"-N","") -> 32 | B42: =+Matrizes!B43 -> 0 | C42: =+Matrizes!C43 -> 943 | D42: =+Matrizes!E43 -> 45700 | E42: =+Matrizes!G43 -> 14 | F42: =IFERROR(+Matrizes!H43,"") -> 14.095238 | H42: =IFERROR(IF(G42>0,+$D$2-G42+285,""),"xxxxx") | I42: =IFERROR(IF(G42>0,IF(DAY(+$D$2-G42+285)<=15,TEXT(+$D$2-G42+285-20,"Mmm")&"-"&TEXT(+$D$2-G42+285,"mmm"),TEXT(+$D$2-G42+285,"Mmm")&"-"&TEXT(+$D$2-G42+285+20,"mmm")),""),"xxxxx")
A43: =IF(G43="VZ","",I43&COUNTIF($I$4:I42,I43)+1)&IF(K43>0,"-N","") -> 33 | B43: =+Matrizes!B44 -> 0 | C43: =+Matrizes!C44 -> 944 | D43: =+Matrizes!E44 -> 44107 | E43: =+Matrizes!G44 -> 10 | F43: =IFERROR(+Matrizes!H44,"") -> 14.433333 | H43: =IFERROR(IF(G43>0,+$D$2-G43+285,""),"xxxxx") | I43: =IFERROR(IF(G43>0,IF(DAY(+$D$2-G43+285)<=15,TEXT(+$D$2-G43+285-20,"Mmm")&"-"&TEXT(+$D$2-G43+285,"mmm"),TEXT(+$D$2-G43+285,"Mmm")&"-"&TEXT(+$D$2-G43+285+20,"mmm")),""),"xxxxx")
A44: =IF(G44="VZ","",I44&COUNTIF($I$4:I43,I44)+1)&IF(K44>0,"-N","") -> 34 | B44: =+Matrizes!B45 -> 0 | C44: =+Matrizes!C45 -> 945 | D44: 44951 | E44: =+Matrizes!G45 -> 13 | F44: =IFERROR(+Matrizes!H45,"") -> 14.912821 | H44: =IFERROR(IF(G44>0,+$D$2-G44+285,""),"xxxxx") | I44: =IFERROR(IF(G44>0,IF(DAY(+$D$2-G44+285)<=15,TEXT(+$D$2-G44+285-20,"Mmm")&"-"&TEXT(+$D$2-G44+285,"mmm"),TEXT(+$D$2-G44+285,"Mmm")&"-"&TEXT(+$D$2-G44+285+20,"mmm")),""),"xxxxx")
A45: =IF(G45="VZ","",I45&COUNTIF($I$4:I44,I45)+1)&IF(K45>0,"-N","") -> 35 | B45: =+Matrizes!B46 -> 0 | C45: =+Matrizes!C46 -> 946 | D45: =+Matrizes!E46 -> 45461 | E45: =+Matrizes!G46 -> 13 | F45: =IFERROR(+Matrizes!H46,"") -> 14.607692 | H45: =IFERROR(IF(G45>0,+$D$2-G45+285,""),"xxxxx") | I45: =IFERROR(IF(G45>0,IF(DAY(+$D$2-G45+285)<=15,TEXT(+$D$2-G45+285-20,"Mmm")&"-"&TEXT(+$D$2-G45+285,"mmm"),TEXT(+$D$2-G45+285,"Mmm")&"-"&TEXT(+$D$2-G45+285+20,"mmm")),""),"xxxxx")
A46: =IF(G46="VZ","",I46&COUNTIF($I$4:I45,I46)+1)&IF(K46>0,"-N","") -> 36 | B46: =+Matrizes!B47 -> 0 | C46: =+Matrizes!C47 -> 947 | D46: =+Matrizes!E47 -> 45289 | E46: =+Matrizes!G47 -> 12 | F46: =IFERROR(+Matrizes!H47,"") -> 15.313889 | H46: =IFERROR(IF(G46>0,+$D$2-G46+285,""),"xxxxx") | I46: =IFERROR(IF(G46>0,IF(DAY(+$D$2-G46+285)<=15,TEXT(+$D$2-G46+285-20,"Mmm")&"-"&TEXT(+$D$2-G46+285,"mmm"),TEXT(+$D$2-G46+285,"Mmm")&"-"&TEXT(+$D$2-G46+285+20,"mmm")),""),"xxxxx")
A47: =IF(G47="VZ","",I47&COUNTIF($I$4:I46,I47)+1)&IF(K47>0,"-N","") -> 37 | B47: =+Matrizes!B48 -> 0 | C47: =+Matrizes!C48 -> 949 | D47: =+Matrizes!E48 -> 44152 | E47: =+Matrizes!G48 -> 10 | F47: =IFERROR(+Matrizes!H48,"") -> 14.586667 | H47: =IFERROR(IF(G47>0,+$D$2-G47+285,""),"xxxxx") | I47: =IFERROR(IF(G47>0,IF(DAY(+$D$2-G47+285)<=15,TEXT(+$D$2-G47+285-20,"Mmm")&"-"&TEXT(+$D$2-G47+285,"mmm"),TEXT(+$D$2-G47+285,"Mmm")&"-"&TEXT(+$D$2-G47+285+20,"mmm")),""),"xxxxx")
A48: =IF(G48="VZ","",I48&COUNTIF($I$4:I47,I48)+1)&IF(K48>0,"-N","") -> 38 | B48: =+Matrizes!B49 -> 0 | C48: =+Matrizes!C49 -> 950 | D48: =+Matrizes!E49 -> 44478 | E48: =+Matrizes!G49 -> 11 | F48: =IFERROR(+Matrizes!H49,"") -> 14.269697 | H48: =IFERROR(IF(G48>0,+$D$2-G48+285,""),"xxxxx") | I48: =IFERROR(IF(G48>0,IF(DAY(+$D$2-G48+285)<=15,TEXT(+$D$2-G48+285-20,"Mmm")&"-"&TEXT(+$D$2-G48+285,"mmm"),TEXT(+$D$2-G48+285,"Mmm")&"-"&TEXT(+$D$2-G48+285+20,"mmm")),""),"xxxxx")
A49: =IF(G49="VZ","",I49&COUNTIF($I$4:I48,I49)+1)&IF(K49>0,"-N","") -> 39 | B49: =+Matrizes!B50 -> 0 | C49: =+Matrizes!C50 -> 954 | D49: =+Matrizes!E50 -> 44399 | E49: =+Matrizes!G50 -> 12 | F49: =IFERROR(+Matrizes!H50,"") -> 12.661111 | H49: =IFERROR(IF(G49>0,+$D$2-G49+285,""),"xxxxx") | I49: =IFERROR(IF(G49>0,IF(DAY(+$D$2-G49+285)<=15,TEXT(+$D$2-G49+285-20,"Mmm")&"-"&TEXT(+$D$2-G49+285,"mmm"),TEXT(+$D$2-G49+285,"Mmm")&"-"&TEXT(+$D$2-G49+285+20,"mmm")),""),"xxxxx")
A50: =IF(G50="VZ","",I50&COUNTIF($I$4:I49,I50)+1)&IF(K50>0,"-N","") -> 40 | B50: =+Matrizes!B51 -> 0 | C50: =+Matrizes!C51 -> 956 | D50: =+Matrizes!E51 -> 45889 | E50: =+Matrizes!G51 -> 12 | F50: =IFERROR(+Matrizes!H51,"") -> 15.827778 | H50: =IFERROR(IF(G50>0,+$D$2-G50+285,""),"xxxxx") | I50: =IFERROR(IF(G50>0,IF(DAY(+$D$2-G50+285)<=15,TEXT(+$D$2-G50+285-20,"Mmm")&"-"&TEXT(+$D$2-G50+285,"mmm"),TEXT(+$D$2-G50+285,"Mmm")&"-"&TEXT(+$D$2-G50+285+20,"mmm")),""),"xxxxx")
A51: =IF(G51="VZ","",I51&COUNTIF($I$4:I50,I51)+1)&IF(K51>0,"-N","") -> -N | B51: =+Matrizes!B52 -> 7 | C51: =+Matrizes!C52 -> 957 | D51: =+Matrizes!E52 -> 45858 | E51: =+Matrizes!G52 -> 13 | F51: =IFERROR(+Matrizes!H52,"") -> 13.617949 | G51: VZ | H51: =IFERROR(IF(G51>0,+$D$2-G51+285,""),"xxxxx") -> xxxxx | I51: =IFERROR(IF(G51>0,IF(DAY(+$D$2-G51+285)<=15,TEXT(+$D$2-G51+285-20,"Mmm")&"-"&TEXT(+$D$2-G51+285,"mmm"),TEXT(+$D$2-G51+285,"Mmm")&"-"&TEXT(+$D$2-G51+285+20,"mmm")),""),"xxxxx") -> xxxxx | K51: descartada
A52: =IF(G52="VZ","",I52&COUNTIF($I$4:I51,I52)+1)&IF(K52>0,"-N","") | B52: =+Matrizes!B53 -> 8 | C52: =+Matrizes!C53 -> 958 | D52: =+Matrizes!E53 -> 45851 | E52: =+Matrizes!G53 -> 12 | F52: =IFERROR(+Matrizes!H53,"") -> 14.816667 | G52: VZ | H52: =IFERROR(IF(G52>0,+$D$2-G52+285,""),"xxxxx") -> xxxxx | I52: =IFERROR(IF(G52>0,IF(DAY(+$D$2-G52+285)<=15,TEXT(+$D$2-G52+285-20,"Mmm")&"-"&TEXT(+$D$2-G52+285,"mmm"),TEXT(+$D$2-G52+285,"Mmm")&"-"&TEXT(+$D$2-G52+285+20,"mmm")),""),"xxxxx") -> xxxxx
A53: =IF(G53="VZ","",I53&COUNTIF($I$4:I52,I53)+1)&IF(K53>0,"-N","") -> -N | B53: =+Matrizes!B54 -> 9 | C53: =+Matrizes!C54 -> 959 | D53: =+Matrizes!E54 -> 45866 | E53: =+Matrizes!G54 -> 11 | F53: =IFERROR(+Matrizes!H54,"") -> 15.987879 | G53: VZ | H53: =IFERROR(IF(G53>0,+$D$2-G53+285,""),"xxxxx") -> xxxxx | I53: =IFERROR(IF(G53>0,IF(DAY(+$D$2-G53+285)<=15,TEXT(+$D$2-G53+285-20,"Mmm")&"-"&TEXT(+$D$2-G53+285,"mmm"),TEXT(+$D$2-G53+285,"Mmm")&"-"&TEXT(+$D$2-G53+285+20,"mmm")),""),"xxxxx") -> xxxxx | K53: descartada
A54: =IF(G54="VZ","",I54&COUNTIF($I$4:I53,I54)+1)&IF(K54>0,"-N","") -> mar-abr3 | B54: =+Matrizes!B55 -> 10 | C54: =+Matrizes!C55 -> 961 | D54: =+Matrizes!E55 -> 45590 | E54: =+Matrizes!G55 -> 9 | F54: =IFERROR(+Matrizes!H55,"") -> 15.9 | G54: 150 | H54: =IFERROR(IF(G54>0,+$D$2-G54+285,""),"xxxxx") -> 46109 | I54: =IFERROR(IF(G54>0,IF(DAY(+$D$2-G54+285)<=15,TEXT(+$D$2-G54+285-20,"Mmm")&"-"&TEXT(+$D$2-G54+285,"mmm"),TEXT(+$D$2-G54+285,"Mmm")&"-"&TEXT(+$D$2-G54+285+20,"mmm")),""),"xxxxx") -> mar-abr
A55: =IF(G55="VZ","",I55&COUNTIF($I$4:I54,I55)+1)&IF(K55>0,"-N","") -> -N | B55: =+Matrizes!B56 -> 11 | C55: =+Matrizes!C56 -> 963 | D55: =+Matrizes!E56 -> 45826 | E55: =+Matrizes!G56 -> 11 | F55: =IFERROR(+Matrizes!H56,"") -> 16.078788 | G55: VZ | H55: =IFERROR(IF(G55>0,+$D$2-G55+285,""),"xxxxx") -> xxxxx | I55: =IFERROR(IF(G55>0,IF(DAY(+$D$2-G55+285)<=15,TEXT(+$D$2-G55+285-20,"Mmm")&"-"&TEXT(+$D$2-G55+285,"mmm"),TEXT(+$D$2-G55+285,"Mmm")&"-"&TEXT(+$D$2-G55+285+20,"mmm")),""),"xxxxx") -> xxxxx | K55: descartada
A56: =IF(G56="VZ","",I56&COUNTIF($I$4:I55,I56)+1)&IF(K56>0,"-N","") -> -N | B56: =+Matrizes!B57 -> 12 | C56: =+Matrizes!C57 -> 964 | D56: =+Matrizes!E57 -> 45942 | E56: =+Matrizes!G57 -> 14 | F56: =IFERROR(+Matrizes!H57,"") -> 12.911905 | G56: Vz | H56: =IFERROR(IF(G56>0,+$D$2-G56+285,""),"xxxxx") -> xxxxx | I56: =IFERROR(IF(G56>0,IF(DAY(+$D$2-G56+285)<=15,TEXT(+$D$2-G56+285-20,"Mmm")&"-"&TEXT(+$D$2-G56+285,"mmm"),TEXT(+$D$2-G56+285,"Mmm")&"-"&TEXT(+$D$2-G56+285+20,"mmm")),""),"xxxxx") -> xxxxx | K56: descartada
A57: =IF(G57="VZ","",I57&COUNTIF($I$4:I56,I57)+1)&IF(K57>0,"-N","") -> 41 | B57: =+Matrizes!B58 -> 0 | C57: =+Matrizes!C58 -> 965 | D57: =+Matrizes!E58 -> 43763 | E57: =+Matrizes!G58 -> 8 | F57: =IFERROR(+Matrizes!H58,"") -> 13.483333 | H57: =IFERROR(IF(G57>0,+$D$2-G57+285,""),"xxxxx") | I57: =IFERROR(IF(G57>0,IF(DAY(+$D$2-G57+285)<=15,TEXT(+$D$2-G57+285-20,"Mmm")&"-"&TEXT(+$D$2-G57+285,"mmm"),TEXT(+$D$2-G57+285,"Mmm")&"-"&TEXT(+$D$2-G57+285+20,"mmm")),""),"xxxxx")
A58: =IF(G58="VZ","",I58&COUNTIF($I$4:I57,I58)+1)&IF(K58>0,"-N","") -> 42 | B58: =+Matrizes!B59 -> 0 | C58: =+Matrizes!C59 -> 966 | D58: =+Matrizes!E59 -> 44976 | E58: =+Matrizes!G59 -> 11 | F58: =IFERROR(+Matrizes!H59,"") -> 12.8 | H58: =IFERROR(IF(G58>0,+$D$2-G58+285,""),"xxxxx") | I58: =IFERROR(IF(G58>0,IF(DAY(+$D$2-G58+285)<=15,TEXT(+$D$2-G58+285-20,"Mmm")&"-"&TEXT(+$D$2-G58+285,"mmm"),TEXT(+$D$2-G58+285,"Mmm")&"-"&TEXT(+$D$2-G58+285+20,"mmm")),""),"xxxxx")
A59: =IF(G59="VZ","",I59&COUNTIF($I$4:I58,I59)+1)&IF(K59>0,"-N","") -> abr-mai1 | B59: =+Matrizes!B60 -> 13 | C59: =+Matrizes!C60 -> 967 | D59: =+Matrizes!E60 -> 45595 | E59: =+Matrizes!G60 -> 12 | F59: =IFERROR(+Matrizes!H60,"") -> 14.197222 | G59: 110 | H59: =IFERROR(IF(G59>0,+$D$2-G59+285,""),"xxxxx") -> 46149 | I59: =IFERROR(IF(G59>0,IF(DAY(+$D$2-G59+285)<=15,TEXT(+$D$2-G59+285-20,"Mmm")&"-"&TEXT(+$D$2-G59+285,"mmm"),TEXT(+$D$2-G59+285,"Mmm")&"-"&TEXT(+$D$2-G59+285+20,"mmm")),""),"xxxxx") -> abr-mai
A60: =IF(G60="VZ","",I60&COUNTIF($I$4:I59,I60)+1)&IF(K60>0,"-N","") -> 43 | B60: =+Matrizes!B61 -> 0 | C60: =+Matrizes!C61 -> 969 | D60: =+Matrizes!E61 -> 45435 | E60: =+Matrizes!G61 -> 12 | F60: =IFERROR(+Matrizes!H61,"") -> 13.652778 | H60: =IFERROR(IF(G60>0,+$D$2-G60+285,""),"xxxxx") | I60: =IFERROR(IF(G60>0,IF(DAY(+$D$2-G60+285)<=15,TEXT(+$D$2-G60+285-20,"Mmm")&"-"&TEXT(+$D$2-G60+285,"mmm"),TEXT(+$D$2-G60+285,"Mmm")&"-"&TEXT(+$D$2-G60+285+20,"mmm")),""),"xxxxx")
A61: =IF(G61="VZ","",I61&COUNTIF($I$4:I60,I61)+1)&IF(K61>0,"-N","") -> 44 | B61: =+Matrizes!B62 -> 0 | C61: =+Matrizes!C62 -> 972 | D61: =+Matrizes!E62 -> 44325 | E61: =+Matrizes!G62 -> 8 | F61: =IFERROR(+Matrizes!H62,"") -> 15.5875 | H61: =IFERROR(IF(G61>0,+$D$2-G61+285,""),"xxxxx") | I61: =IFERROR(IF(G61>0,IF(DAY(+$D$2-G61+285)<=15,TEXT(+$D$2-G61+285-20,"Mmm")&"-"&TEXT(+$D$2-G61+285,"mmm"),TEXT(+$D$2-G61+285,"Mmm")&"-"&TEXT(+$D$2-G61+285+20,"mmm")),""),"xxxxx")
A62: =IF(G62="VZ","",I62&COUNTIF($I$4:I61,I62)+1)&IF(K62>0,"-N","") -> abr-mai2 | B62: =+Matrizes!B63 -> 14 | C62: =+Matrizes!C63 -> 973 | D62: =+Matrizes!E63 -> 45764 | E62: =+Matrizes!G63 -> 14 | F62: =IFERROR(+Matrizes!H63,"") -> 12.521429 | G62: 110 | H62: =IFERROR(IF(G62>0,+$D$2-G62+285,""),"xxxxx") -> 46149 | I62: =IFERROR(IF(G62>0,IF(DAY(+$D$2-G62+285)<=15,TEXT(+$D$2-G62+285-20,"Mmm")&"-"&TEXT(+$D$2-G62+285,"mmm"),TEXT(+$D$2-G62+285,"Mmm")&"-"&TEXT(+$D$2-G62+285+20,"mmm")),""),"xxxxx") -> abr-mai
A63: =IF(G63="VZ","",I63&COUNTIF($I$4:I62,I63)+1)&IF(K63>0,"-N","") -> 45 | B63: =+Matrizes!B64 -> 0 | C63: 975 | D63: =+Matrizes!E64 -> 45993 | E63: =+Matrizes!G64 -> 11 | F63: =IFERROR(+Matrizes!H64,"") -> 16.384848 | H63: =IFERROR(IF(G63>0,+$D$2-G63+285,""),"xxxxx") | I63: =IFERROR(IF(G63>0,IF(DAY(+$D$2-G63+285)<=15,TEXT(+$D$2-G63+285-20,"Mmm")&"-"&TEXT(+$D$2-G63+285,"mmm"),TEXT(+$D$2-G63+285,"Mmm")&"-"&TEXT(+$D$2-G63+285+20,"mmm")),""),"xxxxx") | L63: F | M63: 1150
A64: =IF(G64="VZ","",I64&COUNTIF($I$4:I63,I64)+1)&IF(K64>0,"-N","") -> mar-abr4-N | B64: =+Matrizes!B65 -> 15 | C64: =+Matrizes!C65 -> 976 | D64: =+Matrizes!E65 -> 46083 | E64: =+Matrizes!G65 -> 9 | F64: =IFERROR(+Matrizes!H65,"") -> 14.985185 | G64: 150 | H64: =IFERROR(IF(G64>0,+$D$2-G64+285,""),"xxxxx") -> 46109 | I64: =IFERROR(IF(G64>0,IF(DAY(+$D$2-G64+285)<=15,TEXT(+$D$2-G64+285-20,"Mmm")&"-"&TEXT(+$D$2-G64+285,"mmm"),TEXT(+$D$2-G64+285,"Mmm")&"-"&TEXT(+$D$2-G64+285+20,"mmm")),""),"xxxxx") -> mar-abr | J64: nel.2 | K64: 46083 | L64: F | M64: 1155
A65: =IF(G65="VZ","",I65&COUNTIF($I$4:I64,I65)+1)&IF(K65>0,"-N","") -> 46 | B65: =+Matrizes!B66 -> 0 | C65: =+Matrizes!C66 -> 977 | D65: =+Matrizes!E66 -> 44887 | E65: =+Matrizes!G66 -> 8 | F65: =IFERROR(+Matrizes!H66,"") -> 13.1 | H65: =IFERROR(IF(G65>0,+$D$2-G65+285,""),"xxxxx") | I65: =IFERROR(IF(G65>0,IF(DAY(+$D$2-G65+285)<=15,TEXT(+$D$2-G65+285-20,"Mmm")&"-"&TEXT(+$D$2-G65+285,"mmm"),TEXT(+$D$2-G65+285,"Mmm")&"-"&TEXT(+$D$2-G65+285+20,"mmm")),""),"xxxxx")
A66: =IF(G66="VZ","",I66&COUNTIF($I$4:I65,I66)+1)&IF(K66>0,"-N","") -> nov-dez2-N | B66: =+Matrizes!B67 -> 16 | C66: =+Matrizes!C67 -> 978 | D66: =+Matrizes!E67 -> 45585 | E66: =+Matrizes!G67 -> 8 | F66: =IFERROR(+Matrizes!H67,"") -> 13.779167 | G66: 270 | H66: =IFERROR(IF(G66>0,+$D$2-G66+285,""),"xxxxx") -> 45989 | I66: =IFERROR(IF(G66>0,IF(DAY(+$D$2-G66+285)<=15,TEXT(+$D$2-G66+285-20,"Mmm")&"-"&TEXT(+$D$2-G66+285,"mmm"),TEXT(+$D$2-G66+285,"Mmm")&"-"&TEXT(+$D$2-G66+285+20,"mmm")),""),"xxxxx") -> nov-dez | J66: Nel.1 | K66: 45993 | L66: F | M66: 1150
A67: =IF(G67="VZ","",I67&COUNTIF($I$4:I66,I67)+1)&IF(K67>0,"-N","") -> 47 | B67: =+Matrizes!B68 -> 0 | C67: =+Matrizes!C68 -> 979 | D67: =+Matrizes!E68 -> 43411 | E67: =+Matrizes!G68 -> 3 | F67: =IFERROR(+Matrizes!H68,"") -> 15.622222 | H67: =IFERROR(IF(G67>0,+$D$2-G67+285,""),"xxxxx") | I67: =IFERROR(IF(G67>0,IF(DAY(+$D$2-G67+285)<=15,TEXT(+$D$2-G67+285-20,"Mmm")&"-"&TEXT(+$D$2-G67+285,"mmm"),TEXT(+$D$2-G67+285,"Mmm")&"-"&TEXT(+$D$2-G67+285+20,"mmm")),""),"xxxxx")
A68: =IF(G68="VZ","",I68&COUNTIF($I$4:I67,I68)+1)&IF(K68>0,"-N","") -> mar-abr5-N | B68: 31 | C68: 980 | D68: =+Matrizes!E69 -> 46097 | E68: =+Matrizes!G69 -> 11 | F68: =IFERROR(+Matrizes!H69,"") -> 13.139394 | G68: 160 | H68: =IFERROR(IF(G68>0,+$D$2-G68+285,""),"xxxxx") -> 46099 | I68: =IFERROR(IF(G68>0,IF(DAY(+$D$2-G68+285)<=15,TEXT(+$D$2-G68+285-20,"Mmm")&"-"&TEXT(+$D$2-G68+285,"mmm"),TEXT(+$D$2-G68+285,"Mmm")&"-"&TEXT(+$D$2-G68+285+20,"mmm")),""),"xxxxx") -> mar-abr | J68: nel.1 | K68: 46097 | L68: M | M68: 1158
A69: =IF(G69="VZ","",I69&COUNTIF($I$4:I68,I69)+1)&IF(K69>0,"-N","") -> mar-abr6-N | B69: =+Matrizes!B70 -> 18 | C69: =+Matrizes!C70 -> 981 | D69: =+Matrizes!E70 -> 46105 | E69: =+Matrizes!G70 -> 9 | F69: =IFERROR(+Matrizes!H70,"") -> 15.374074 | G69: 150 | H69: =IFERROR(IF(G69>0,+$D$2-G69+285,""),"xxxxx") -> 46109 | I69: =IFERROR(IF(G69>0,IF(DAY(+$D$2-G69+285)<=15,TEXT(+$D$2-G69+285-20,"Mmm")&"-"&TEXT(+$D$2-G69+285,"mmm"),TEXT(+$D$2-G69+285,"Mmm")&"-"&TEXT(+$D$2-G69+285+20,"mmm")),""),"xxxxx") -> mar-abr | J69: nel.2 | K69: 46105 | L69: F | M69: 1160
A70: =IF(G70="VZ","",I70&COUNTIF($I$4:I69,I70)+1)&IF(K70>0,"-N","") -> 48 | B70: =+Matrizes!B71 -> 0 | C70: =+Matrizes!C71 -> 983 | D70: 44695 | E70: =+Matrizes!G71 -> 6 | F70: =IFERROR(+Matrizes!H71,"") -> 15.044444 | H70: =IFERROR(IF(G70>0,+$D$2-G70+285,""),"xxxxx") | I70: =IFERROR(IF(G70>0,IF(DAY(+$D$2-G70+285)<=15,TEXT(+$D$2-G70+285-20,"Mmm")&"-"&TEXT(+$D$2-G70+285,"mmm"),TEXT(+$D$2-G70+285,"Mmm")&"-"&TEXT(+$D$2-G70+285+20,"mmm")),""),"xxxxx") | M70: P/DESCARTE | XFD70: 1
A71: =IF(G71="VZ","",I71&COUNTIF($I$4:I70,I71)+1)&IF(K71>0,"-N","") -> -N | B71: =+Matrizes!B72 -> 19 | C71: =+Matrizes!C72 -> 984 | D71: =+Matrizes!E72 -> 45790 | E71: =+Matrizes!G72 -> 9 | F71: =IFERROR(+Matrizes!H72,"") -> 22 | G71: VZ | H71: =IFERROR(IF(G71>0,+$D$2-G71+285,""),"xxxxx") -> xxxxx | I71: =IFERROR(IF(G71>0,IF(DAY(+$D$2-G71+285)<=15,TEXT(+$D$2-G71+285-20,"Mmm")&"-"&TEXT(+$D$2-G71+285,"mmm"),TEXT(+$D$2-G71+285,"Mmm")&"-"&TEXT(+$D$2-G71+285+20,"mmm")),""),"xxxxx") -> xxxxx | K71: descatada
A72: =IF(G72="VZ","",I72&COUNTIF($I$4:I71,I72)+1)&IF(K72>0,"-N","") -> 49 | B72: =+Matrizes!B73 -> 0 | C72: =+Matrizes!C73 -> 985 | D72: =+Matrizes!E73 -> 45796 | E72: =+Matrizes!G73 -> 9 | F72: =IFERROR(+Matrizes!H73,"") -> 15.248148 | H72: =IFERROR(IF(G72>0,+$D$2-G72+285,""),"xxxxx") | I72: =IFERROR(IF(G72>0,IF(DAY(+$D$2-G72+285)<=15,TEXT(+$D$2-G72+285-20,"Mmm")&"-"&TEXT(+$D$2-G72+285,"mmm"),TEXT(+$D$2-G72+285,"Mmm")&"-"&TEXT(+$D$2-G72+285+20,"mmm")),""),"xxxxx")
A73: =IF(G73="VZ","",I73&COUNTIF($I$4:I72,I73)+1)&IF(K73>0,"-N","") -> jan-fev1-N | B73: =+Matrizes!B74 -> 20 | C73: =+Matrizes!C74 -> 987 | D73: =+Matrizes!E74 -> 45949 | E73: =+Matrizes!G74 -> 9 | F73: =IFERROR(+Matrizes!H74,"") -> 14.640741 | G73: 200 | H73: =IFERROR(IF(G73>0,+$D$2-G73+285,""),"xxxxx") -> 46059 | I73: =IFERROR(IF(G73>0,IF(DAY(+$D$2-G73+285)<=15,TEXT(+$D$2-G73+285-20,"Mmm")&"-"&TEXT(+$D$2-G73+285,"mmm"),TEXT(+$D$2-G73+285,"Mmm")&"-"&TEXT(+$D$2-G73+285+20,"mmm")),""),"xxxxx") -> jan-fev | J73: Nel.1 | K73: 45949 | L73: F | M73: 1141
A74: =IF(G74="VZ","",I74&COUNTIF($I$4:I73,I74)+1)&IF(K74>0,"-N","") | B74: =+Matrizes!B75 -> 21 | C74: =+Matrizes!C75 -> 988 | D74: =+Matrizes!E75 -> 45764 | E74: =+Matrizes!G75 -> 9 | F74: =IFERROR(+Matrizes!H75,"") -> 14.922222 | G74: VZ | H74: =IFERROR(IF(G74>0,+$D$2-G74+285,""),"xxxxx") -> xxxxx | I74: =IFERROR(IF(G74>0,IF(DAY(+$D$2-G74+285)<=15,TEXT(+$D$2-G74+285-20,"Mmm")&"-"&TEXT(+$D$2-G74+285,"mmm"),TEXT(+$D$2-G74+285,"Mmm")&"-"&TEXT(+$D$2-G74+285+20,"mmm")),""),"xxxxx") -> xxxxx
A75: =IF(G75="VZ","",I75&COUNTIF($I$4:I74,I75)+1)&IF(K75>0,"-N","") -> 50 | B75: =+Matrizes!B76 -> 0 | C75: =+Matrizes!C76 -> 989 | D75: =+Matrizes!E76 -> 43486 | E75: =+Matrizes!G76 -> 3 | F75: =IFERROR(+Matrizes!H76,"") -> 15.233333 | H75: =IFERROR(IF(G75>0,+$D$2-G75+285,""),"xxxxx") | I75: =IFERROR(IF(G75>0,IF(DAY(+$D$2-G75+285)<=15,TEXT(+$D$2-G75+285-20,"Mmm")&"-"&TEXT(+$D$2-G75+285,"mmm"),TEXT(+$D$2-G75+285,"Mmm")&"-"&TEXT(+$D$2-G75+285+20,"mmm")),""),"xxxxx")
A76: =IF(G76="VZ","",I76&COUNTIF($I$4:I75,I76)+1)&IF(K76>0,"-N","") | B76: =+Matrizes!B77 -> 22 | C76: =+Matrizes!C77 -> 990 | D76: =+Matrizes!E77 -> 45670 | E76: =+Matrizes!G77 -> 8 | F76: =IFERROR(+Matrizes!H77,"") -> 14.9875 | G76: VZ | H76: =IFERROR(IF(G76>0,+$D$2-G76+285,""),"xxxxx") -> xxxxx | I76: =IFERROR(IF(G76>0,IF(DAY(+$D$2-G76+285)<=15,TEXT(+$D$2-G76+285-20,"Mmm")&"-"&TEXT(+$D$2-G76+285,"mmm"),TEXT(+$D$2-G76+285,"Mmm")&"-"&TEXT(+$D$2-G76+285+20,"mmm")),""),"xxxxx") -> xxxxx
A77: =IF(G77="VZ","",I77&COUNTIF($I$4:I76,I77)+1)&IF(K77>0,"-N","") -> -N | B77: =+Matrizes!B78 -> 23 | C77: =+Matrizes!C78 -> 992 | D77: =+Matrizes!E78 -> 45914 | E77: =+Matrizes!G78 -> 9 | F77: =IFERROR(+Matrizes!H78,"") -> 14.148148 | G77: VZ | H77: =IFERROR(IF(G77>0,+$D$2-G77+285,""),"xxxxx") -> xxxxx | I77: =IFERROR(IF(G77>0,IF(DAY(+$D$2-G77+285)<=15,TEXT(+$D$2-G77+285-20,"Mmm")&"-"&TEXT(+$D$2-G77+285,"mmm"),TEXT(+$D$2-G77+285,"Mmm")&"-"&TEXT(+$D$2-G77+285+20,"mmm")),""),"xxxxx") -> xxxxx | K77: descartada
A78: =IF(G78="VZ","",I78&COUNTIF($I$4:I77,I78)+1)&IF(K78>0,"-N","") | B78: =+Matrizes!B79 -> 24 | C78: =+Matrizes!C79 -> 993 | D78: =+Matrizes!E79 -> 45866 | E78: =+Matrizes!G79 -> 8 | F78: =IFERROR(+Matrizes!H79,"") -> 15.929167 | G78: VZ | H78: =IFERROR(IF(G78>0,+$D$2-G78+285,""),"xxxxx") -> xxxxx | I78: =IFERROR(IF(G78>0,IF(DAY(+$D$2-G78+285)<=15,TEXT(+$D$2-G78+285-20,"Mmm")&"-"&TEXT(+$D$2-G78+285,"mmm"),TEXT(+$D$2-G78+285,"Mmm")&"-"&TEXT(+$D$2-G78+285+20,"mmm")),""),"xxxxx") -> xxxxx
A79: =IF(G79="VZ","",I79&COUNTIF($I$4:I78,I79)+1)&IF(K79>0,"-N","") -> 51 | B79: =+Matrizes!B80 -> 0 | C79: =+Matrizes!C80 -> 1008 | D79: =+Matrizes!E80 -> 43811 | E79: =+Matrizes!G80 -> 1 | F79: =IFERROR(+Matrizes!H80,"") -> 9.5333333 | H79: =IFERROR(IF(G79>0,+$D$2-G79+285,""),"xxxxx") | I79: =IFERROR(IF(G79>0,IF(DAY(+$D$2-G79+285)<=15,TEXT(+$D$2-G79+285-20,"Mmm")&"-"&TEXT(+$D$2-G79+285,"mmm"),TEXT(+$D$2-G79+285,"Mmm")&"-"&TEXT(+$D$2-G79+285+20,"mmm")),""),"xxxxx")
A80: =IF(G80="VZ","",I80&COUNTIF($I$4:I79,I80)+1)&IF(K80>0,"-N","") | B80: =+Matrizes!B81 -> 25 | C80: =+Matrizes!C81 -> 1009 | D80: =+Matrizes!E81 -> 45923 | E80: =+Matrizes!G81 -> 6 | F80: =IFERROR(+Matrizes!H81,"") -> 13.472222 | G80: VZ | H80: =IFERROR(IF(G80>0,+$D$2-G80+285,""),"xxxxx") -> xxxxx | I80: =IFERROR(IF(G80>0,IF(DAY(+$D$2-G80+285)<=15,TEXT(+$D$2-G80+285-20,"Mmm")&"-"&TEXT(+$D$2-G80+285,"mmm"),TEXT(+$D$2-G80+285,"Mmm")&"-"&TEXT(+$D$2-G80+285+20,"mmm")),""),"xxxxx") -> xxxxx
A81: =IF(G81="VZ","",I81&COUNTIF($I$4:I80,I81)+1)&IF(K81>0,"-N","") | B81: =+Matrizes!B82 -> 26 | C81: =+Matrizes!C82 -> 1010 | D81: =+Matrizes!E82 -> 45879 | E81: =+Matrizes!G82 -> 6 | F81: =IFERROR(+Matrizes!H82,"") -> 13.111111 | G81: VZ | H81: =IFERROR(IF(G81>0,+$D$2-G81+285,""),"xxxxx") -> xxxxx | I81: =IFERROR(IF(G81>0,IF(DAY(+$D$2-G81+285)<=15,TEXT(+$D$2-G81+285-20,"Mmm")&"-"&TEXT(+$D$2-G81+285,"mmm"),TEXT(+$D$2-G81+285,"Mmm")&"-"&TEXT(+$D$2-G81+285+20,"mmm")),""),"xxxxx") -> xxxxx
A82: =IF(G82="VZ","",I82&COUNTIF($I$4:I81,I82)+1)&IF(K82>0,"-N","") -> -N | B82: =+Matrizes!B83 -> 27 | C82: =+Matrizes!C83 -> 1011 | D82: =+Matrizes!E83 -> 45947 | E82: =+Matrizes!G83 -> 6 | F82: =IFERROR(+Matrizes!H83,"") -> 13.4 | G82: VZ | H82: =IFERROR(IF(G82>0,+$D$2-G82+285,""),"xxxxx") -> xxxxx | I82: =IFERROR(IF(G82>0,IF(DAY(+$D$2-G82+285)<=15,TEXT(+$D$2-G82+285-20,"Mmm")&"-"&TEXT(+$D$2-G82+285,"mmm"),TEXT(+$D$2-G82+285,"Mmm")&"-"&TEXT(+$D$2-G82+285+20,"mmm")),""),"xxxxx") -> xxxxx | J82: Nel.1 | K82: 45947 | L82: M | M82: 1138
A83: =IF(G83="VZ","",I83&COUNTIF($I$4:I82,I83)+1)&IF(K83>0,"-N","") | B83: =+Matrizes!B84 -> 28 | C83: =+Matrizes!C84 -> 1012 | D83: =+Matrizes!E84 -> 45839 | E83: =+Matrizes!G84 -> 5 | F83: =IFERROR(+Matrizes!H84,"") -> 15.02 | G83: VZ | H83: =IFERROR(IF(G83>0,+$D$2-G83+285,""),"xxxxx") -> xxxxx | I83: =IFERROR(IF(G83>0,IF(DAY(+$D$2-G83+285)<=15,TEXT(+$D$2-G83+285-20,"Mmm")&"-"&TEXT(+$D$2-G83+285,"mmm"),TEXT(+$D$2-G83+285,"Mmm")&"-"&TEXT(+$D$2-G83+285+20,"mmm")),""),"xxxxx") -> xxxxx
A84: =IF(G84="VZ","",I84&COUNTIF($I$4:I83,I84)+1)&IF(K84>0,"-N","") | B84: =+Matrizes!B85 -> 29 | C84: =+Matrizes!C85 -> 1020 | D84: =+Matrizes!E85 -> 45840 | E84: 1 | F84: =IFERROR(+Matrizes!H85,"") -> 15.166667 | G84: VZ | H84: =IFERROR(IF(G84>0,+$D$2-G84+285,""),"xxxxx") -> xxxxx | I84: =IFERROR(IF(G84>0,IF(DAY(+$D$2-G84+285)<=15,TEXT(+$D$2-G84+285-20,"Mmm")&"-"&TEXT(+$D$2-G84+285,"mmm"),TEXT(+$D$2-G84+285,"Mmm")&"-"&TEXT(+$D$2-G84+285+20,"mmm")),""),"xxxxx") -> xxxxx
A85: =IF(G85="VZ","",I85&COUNTIF($I$4:I84,I85)+1)&IF(K85>0,"-N","") -> 52 | B85: =+Matrizes!B86 -> 0 | C85: =+Matrizes!C86 -> 1021 | D85: =+Matrizes!E86 -> 44820 | E85: =+Matrizes!G86 -> 1 | F85: =IFERROR(+Matrizes!H86,"") -> 9.5333333 | H85: =IFERROR(IF(G85>0,+$D$2-G85+285,""),"xxxxx") | I85: =IFERROR(IF(G85>0,IF(DAY(+$D$2-G85+285)<=15,TEXT(+$D$2-G85+285-20,"Mmm")&"-"&TEXT(+$D$2-G85+285,"mmm"),TEXT(+$D$2-G85+285,"Mmm")&"-"&TEXT(+$D$2-G85+285+20,"mmm")),""),"xxxxx")
A86: =IF(G86="VZ","",I86&COUNTIF($I$4:I85,I86)+1)&IF(K86>0,"-N","") -> -N | B86: =+Matrizes!B87 -> 30 | C86: =+Matrizes!C87 -> 1022 | D86: =+Matrizes!E87 -> 45953 | E86: =+Matrizes!G87 -> 3 | F86: =IFERROR(+Matrizes!H87,"") -> 15.444444 | G86: VZ | H86: =IFERROR(IF(G86>0,+$D$2-G86+285,""),"xxxxx") -> xxxxx | I86: =IFERROR(IF(G86>0,IF(DAY(+$D$2-G86+285)<=15,TEXT(+$D$2-G86+285-20,"Mmm")&"-"&TEXT(+$D$2-G86+285,"mmm"),TEXT(+$D$2-G86+285,"Mmm")&"-"&TEXT(+$D$2-G86+285+20,"mmm")),""),"xxxxx") -> xxxxx | J86: Nel.1 | K86: 45952 | L86: F | M86: 1142
A87: =IF(G87="VZ","",I87&COUNTIF($I$4:I86,I87)+1)&IF(K87>0,"-N","") -> nov-dez3-N | B87: =+Matrizes!B88 -> 31 | C87: =+Matrizes!C88 -> 1023 | D87: =+Matrizes!E88 -> 45993 | E87: =+Matrizes!G88 -> 3 | F87: =IFERROR(+Matrizes!H88,"") -> 15.355556 | G87: 270 | H87: =IFERROR(IF(G87>0,+$D$2-G87+285,""),"xxxxx") -> 45989 | I87: =IFERROR(IF(G87>0,IF(DAY(+$D$2-G87+285)<=15,TEXT(+$D$2-G87+285-20,"Mmm")&"-"&TEXT(+$D$2-G87+285,"mmm"),TEXT(+$D$2-G87+285,"Mmm")&"-"&TEXT(+$D$2-G87+285+20,"mmm")),""),"xxxxx") -> nov-dez | J87: Nel.1 | K87: 45993 | L87: M | M87: 1151
A88: =IF(G88="VZ","",I88&COUNTIF($I$4:I87,I88)+1)&IF(K88>0,"-N","") | B88: =+Matrizes!B89 -> 32 | C88: =+Matrizes!C89 -> 1024 | D88: =+Matrizes!E89 -> 45905 | E88: =+Matrizes!G89 -> 3 | F88: =IFERROR(+Matrizes!H89,"") -> 14.866667 | G88: VZ | H88: =IFERROR(IF(G88>0,+$D$2-G88+285,""),"xxxxx") -> xxxxx | I88: =IFERROR(IF(G88>0,IF(DAY(+$D$2-G88+285)<=15,TEXT(+$D$2-G88+285-20,"Mmm")&"-"&TEXT(+$D$2-G88+285,"mmm"),TEXT(+$D$2-G88+285,"Mmm")&"-"&TEXT(+$D$2-G88+285+20,"mmm")),""),"xxxxx") -> xxxxx
A89: =IF(G89="VZ","",I89&COUNTIF($I$4:I88,I89)+1)&IF(K89>0,"-N","") | B89: =+Matrizes!B90 -> 33 | C89: =+Matrizes!C90 -> 1025 | D89: =+Matrizes!E90 -> 45907 | E89: =+Matrizes!G90 -> 3 | F89: =IFERROR(+Matrizes!H90,"") -> 15.377778 | G89: VZ | H89: =IFERROR(IF(G89>0,+$D$2-G89+285,""),"xxxxx") -> xxxxx | I89: =IFERROR(IF(G89>0,IF(DAY(+$D$2-G89+285)<=15,TEXT(+$D$2-G89+285-20,"Mmm")&"-"&TEXT(+$D$2-G89+285,"mmm"),TEXT(+$D$2-G89+285,"Mmm")&"-"&TEXT(+$D$2-G89+285+20,"mmm")),""),"xxxxx") -> xxxxx
A90: =IF(G90="VZ","",I90&COUNTIF($I$4:I89,I90)+1)&IF(K90>0,"-N","") -> jan-fev2-N | B90: =+Matrizes!B91 -> 34 | C90: =+Matrizes!C91 -> 1026 | D90: =+Matrizes!E91 -> 46092 | E90: =+Matrizes!G91 -> 3 | F90: 16.68 | G90: 220 | H90: =IFERROR(IF(G90>0,+$D$2-G90+285,""),"xxxxx") -> 46039 | I90: =IFERROR(IF(G90>0,IF(DAY(+$D$2-G90+285)<=15,TEXT(+$D$2-G90+285-20,"Mmm")&"-"&TEXT(+$D$2-G90+285,"mmm"),TEXT(+$D$2-G90+285,"Mmm")&"-"&TEXT(+$D$2-G90+285+20,"mmm")),""),"xxxxx") -> jan-fev | J90: nel.1 | K90: 46092 | L90: F | M90: 1156
A91: =IF(G91="VZ","",I91&COUNTIF($I$4:I90,I91)+1)&IF(K91>0,"-N","") -> nov-dez4-N | B91: =+Matrizes!B92 -> 35 | C91: =+Matrizes!C92 -> 1027 | D91: =+Matrizes!E92 -> 45965 | E91: =+Matrizes!G92 -> 3 | F91: =IFERROR(+Matrizes!H92,"") -> 16.011111 | G91: 270 | H91: =IFERROR(IF(G91>0,+$D$2-G91+285,""),"xxxxx") -> 45989 | I91: =IFERROR(IF(G91>0,IF(DAY(+$D$2-G91+285)<=15,TEXT(+$D$2-G91+285-20,"Mmm")&"-"&TEXT(+$D$2-G91+285,"mmm"),TEXT(+$D$2-G91+285,"Mmm")&"-"&TEXT(+$D$2-G91+285+20,"mmm")),""),"xxxxx") -> nov-dez | J91: Nel.1 | K91: 45965 | L91: M | M91: 1145
A92: =IF(G92="VZ","",I92&COUNTIF($I$4:I91,I92)+1)&IF(K92>0,"-N","") | B92: =+Matrizes!B93 -> 36 | C92: =+Matrizes!C93 -> 1028 | D92: =+Matrizes!E93 -> 45907 | E92: =+Matrizes!G93 -> 3 | F92: =IFERROR(+Matrizes!H93,"") -> 15.144444 | G92: VZ | H92: =IFERROR(IF(G92>0,+$D$2-G92+285,""),"xxxxx") -> xxxxx | I92: =IFERROR(IF(G92>0,IF(DAY(+$D$2-G92+285)<=15,TEXT(+$D$2-G92+285-20,"Mmm")&"-"&TEXT(+$D$2-G92+285,"mmm"),TEXT(+$D$2-G92+285,"Mmm")&"-"&TEXT(+$D$2-G92+285+20,"mmm")),""),"xxxxx") -> xxxxx
A93: =IF(G93="VZ","",I93&COUNTIF($I$4:I92,I93)+1)&IF(K93>0,"-N","") | B93: =+Matrizes!B94 -> 37 | C93: =+Matrizes!C94 -> 1029 | D93: =+Matrizes!E94 -> 45931 | E93: =+Matrizes!G94 -> 3 | F93: =IFERROR(+Matrizes!H94,"") -> 15.711111 | G93: VZ | H93: =IFERROR(IF(G93>0,+$D$2-G93+285,""),"xxxxx") -> xxxxx | I93: =IFERROR(IF(G93>0,IF(DAY(+$D$2-G93+285)<=15,TEXT(+$D$2-G93+285-20,"Mmm")&"-"&TEXT(+$D$2-G93+285,"mmm"),TEXT(+$D$2-G93+285,"Mmm")&"-"&TEXT(+$D$2-G93+285+20,"mmm")),""),"xxxxx") -> xxxxx
A94: =IF(G94="VZ","",I94&COUNTIF($I$4:I93,I94)+1)&IF(K94>0,"-N","") | B94: =+Matrizes!B95 -> 38 | C94: =+Matrizes!C95 -> 1030 | D94: =+Matrizes!E95 -> 45870 | E94: =+Matrizes!G95 -> 3 | F94: =IFERROR(+Matrizes!H95,"") -> 15.177778 | G94: VZ | H94: =IFERROR(IF(G94>0,+$D$2-G94+285,""),"xxxxx") -> xxxxx | I94: =IFERROR(IF(G94>0,IF(DAY(+$D$2-G94+285)<=15,TEXT(+$D$2-G94+285-20,"Mmm")&"-"&TEXT(+$D$2-G94+285,"mmm"),TEXT(+$D$2-G94+285,"Mmm")&"-"&TEXT(+$D$2-G94+285+20,"mmm")),""),"xxxxx") -> xxxxx
A95: =IF(G95="VZ","",I95&COUNTIF($I$4:I94,I95)+1)&IF(K95>0,"-N","") -> jul-ago1 | B95: =+Matrizes!B96 -> 39 | C95: =+Matrizes!C96 -> 1031 | D95: 45265 | E95: =+Matrizes!G96 -> 3 | F95: =IFERROR(+Matrizes!H96,"") -> 15.477778 | G95: 30 | H95: =IFERROR(IF(G95>0,+$D$2-G95+285,""),"xxxxx") -> 46229 | I95: =IFERROR(IF(G95>0,IF(DAY(+$D$2-G95+285)<=15,TEXT(+$D$2-G95+285-20,"Mmm")&"-"&TEXT(+$D$2-G95+285,"mmm"),TEXT(+$D$2-G95+285,"Mmm")&"-"&TEXT(+$D$2-G95+285+20,"mmm")),""),"xxxxx") -> jul-ago
A96: =IF(G96="VZ","",I96&COUNTIF($I$4:I95,I96)+1)&IF(K96>0,"-N","") -> jun-jul1 | B96: =+Matrizes!B97 -> 40 | C96: =+Matrizes!C97 -> 1032 | D96: =+Matrizes!E97 -> 45667 | E96: 1 | F96: 9.53 | G96: 45 | H96: =IFERROR(IF(G96>0,+$D$2-G96+285,""),"xxxxx") -> 46214 | I96: =IFERROR(IF(G96>0,IF(DAY(+$D$2-G96+285)<=15,TEXT(+$D$2-G96+285-20,"Mmm")&"-"&TEXT(+$D$2-G96+285,"mmm"),TEXT(+$D$2-G96+285,"Mmm")&"-"&TEXT(+$D$2-G96+285+20,"mmm")),""),"xxxxx") -> jun-jul
A97: =IF(G97="VZ","",I97&COUNTIF($I$4:I96,I97)+1)&IF(K97>0,"-N","") -> mai-jun1 | B97: =+Matrizes!B98 -> 41 | C97: =+Matrizes!C98 -> 1033 | D97: =+Matrizes!E98 -> 45751 | E97: =+Matrizes!G98 -> 3 | F97: =IFERROR(+Matrizes!H98,"") -> 12.933333 | G97: 90 | H97: =IFERROR(IF(G97>0,+$D$2-G97+285,""),"xxxxx") -> 46169 | I97: =IFERROR(IF(G97>0,IF(DAY(+$D$2-G97+285)<=15,TEXT(+$D$2-G97+285-20,"Mmm")&"-"&TEXT(+$D$2-G97+285,"mmm"),TEXT(+$D$2-G97+285,"Mmm")&"-"&TEXT(+$D$2-G97+285+20,"mmm")),""),"xxxxx") -> mai-jun
A98: =IF(G98="VZ","",I98&COUNTIF($I$4:I97,I98)+1)&IF(K98>0,"-N","") -> 53 | B98: =+Matrizes!B99 -> 0 | C98: =+Matrizes!C99 -> 1034 | D98: =+Matrizes!E99 -> Novilha | E98: 0 | F98: =IFERROR(+Matrizes!H99,"") | H98: =IFERROR(IF(G98>0,+$D$2-G98+285,""),"xxxxx") | I98: =IFERROR(IF(G98>0,IF(DAY(+$D$2-G98+285)<=15,TEXT(+$D$2-G98+285-20,"Mmm")&"-"&TEXT(+$D$2-G98+285,"mmm"),TEXT(+$D$2-G98+285,"Mmm")&"-"&TEXT(+$D$2-G98+285+20,"mmm")),""),"xxxxx") | M98: P/DESCARTE | XFD98: 1
A99: =IF(G99="VZ","",I99&COUNTIF($I$4:I98,I99)+1)&IF(K99>0,"-N","") -> nov-dez5-N | B99: =+Matrizes!B100 -> 42 | C99: =+Matrizes!C100 -> 1035 | D99: =+Matrizes!E100 -> 45947 | E99: =+Matrizes!G100 -> 3 | F99: =IFERROR(+Matrizes!H100,"") -> 14.755556 | G99: 270 | H99: =IFERROR(IF(G99>0,+$D$2-G99+285,""),"xxxxx") -> 45989 | I99: =IFERROR(IF(G99>0,IF(DAY(+$D$2-G99+285)<=15,TEXT(+$D$2-G99+285-20,"Mmm")&"-"&TEXT(+$D$2-G99+285,"mmm"),TEXT(+$D$2-G99+285,"Mmm")&"-"&TEXT(+$D$2-G99+285+20,"mmm")),""),"xxxxx") -> nov-dez | J99: Nel.1 | K99: 45947 | L99: M | M99: 1139
A100: =IF(G100="VZ","",I100&COUNTIF($I$4:I99,I100)+1)&IF(K100>0,"-N","") -> jan-fev3-N | B100: =+Matrizes!B101 -> 43 | C100: =+Matrizes!C101 -> 1036 | D100: =+Matrizes!E101 -> 45948 | E100: =+Matrizes!G101 -> 3 | F100: =IFERROR(+Matrizes!H101,"") -> 14.988889 | G100: 200 | H100: =IFERROR(IF(G100>0,+$D$2-G100+285,""),"xxxxx") -> 46059 | I100: =IFERROR(IF(G100>0,IF(DAY(+$D$2-G100+285)<=15,TEXT(+$D$2-G100+285-20,"Mmm")&"-"&TEXT(+$D$2-G100+285,"mmm"),TEXT(+$D$2-G100+285,"Mmm")&"-"&TEXT(+$D$2-G100+285+20,"mmm")),""),"xxxxx") -> jan-fev | J100: Nel.1 | K100: 45948 | L100: M | M100: 1140
...

Sheet Compradores
A3: Rótulos de Linha | B3: Soma de Preço Real | C3: Contagem de Reg.Nasc.
A4: não registrado | C4: 266
A5: Marcos Torres | B5: 261051 | C5: 189
A6: Jamilton Santos-Ca | B6: 163407 | C6: 164
A7: Luciano Costa/Cassarang. | B7: 121324 | C7: 64
A8: Divo Amoedo | B8: 56626 | C8: 58
A9: Erico Hardt | B9: 40344 | C9: 41
A10: Miro/Cand. | B10: 83151 | C10: 39
A11: Morto | B11: 0 | C11: 37
A12: Roque/Davi | B12: 66664 | C12: 26
A13: Domingos Costa/Cand. | B13: 57675 | C13: 25
A14: Neto/Muritiba | B14: 43146 | C14: 18
A15: Arlindo Paramirim | B15: 4698 | C15: 3
A16: JorgeCacho | B16: 800 | C16: 2
A17: SUBAMAT | C17: 2
A18: Carlos/faz.s.francisco | B18: 5119 | C18: 2
A19: Roubada | B19: 0 | C19: 2
A20: Tua | B20: 3900 | C20: 1
A21: Agnaldo/Sabino | B21: 1250 | C21: 1
A22: Chico Bambu | C22: 1
A23: Total Geral | B23: 909155 | C23: 941

Sheet Plan1
A1: Invest/Retorno | B1: Data | C1: Períodos (Mês) | D1: Acum | E1: Rend
A2: 2885 | B2: 41913 | D2: =-FV($F$2,C2,0,A2) -> 2885
A3: 1509 | B3: 43132 | C3: =+(B3-$B$2)/365*12 -> 40.076712 | D3: =+A3+D2 -> 4394 | E3: =RATE(C3,0,-D2,D3) -> 0.010553039
A4: 1012 | B4: 43313 | C4: =+(B4-$B$2)/365*12 -> 46.027397 | D4: =+D3+A4 -> 5406 | E4: =RATE(C4,0,-D2,D4) -> 0.013737212
A5: 2045 | B5: 44378 | C5: =+(B5-$B$2)/365*12 -> 81.041096 | D5: =+D4+A5 -> 7451 | E5: =RATE(C5,0,-D3,D5) -> 0.006537828
